0,1,2,3,4,5,6,7,8,9,10,11,12,13,14,15,16,17,18,19,20,21,22,23,24,25,26,27,28,29,30,31,32,33,34,35,36,37,38,39,40,41,42,43,44,45,46,47,48,49,50,51,52,53,54,55,56,57,58,59,60,61,62,label
0.0,0.0,0.0,0.14321112632751465,-0.022791147232055664,-0.029957094751296154,0.23194849491119385,-0.12083083391189575,-0.029994338341055027,0.24714261293411255,-0.21416473388671875,-0.028325946591792217,0.24331605434417725,-0.2715877890586853,-0.015051318854091278,0.17518043518066406,-0.18038669228553772,-0.009331904873249641,0.15544992685317993,-0.24116834998130798,-0.06379792425781261,0.13688242435455322,-0.17398831248283386,-0.0894617918506242,0.1390799880027771,-0.13776132464408875,-0.10148993466049205,0.08052778244018555,-0.18027052283287048,-0.013503276333210579,0.07011580467224121,-0.23801672458648682,-0.08115993771701824,0.06801068782806396,-0.1503470242023468,-0.10071970853954326,0.07444411516189575,-0.11684578657150269,-0.10426012013107311,-0.000663459300994873,-0.1700085997581482,-0.024455140866336933,-0.00745624303817749,-0.2199254035949707,-0.0923883054032899,0.003011465072631836,-0.13892221450805664,-0.07613985572010051,0.0114976167678833,-0.10486087203025818,-0.05216024402528774,-0.06933161616325378,-0.15508517622947693,-0.03745737258344661,-0.07383185625076294,-0.18726056814193726,-0.08203561190515529,-0.06264683604240417,-0.13162460923194885,-0.06978404853492748,-0.05079615116119385,-0.10760045051574707,-0.0523969675973035,A
0.0,0.0,0.0,0.06177568435668945,-0.021170496940612793,-0.05440770451201615,0.08576315641403198,-0.0697847306728363,-0.08222370956315217,0.035750746726989746,-0.11129173636436462,-0.10539677355660615,-0.016296565532684326,-0.1330481767654419,-0.12980940554513154,0.10181021690368652,-0.16985493898391724,-0.048077605555192804,0.10697746276855469,-0.2512950897216797,-0.07797816757334886,0.10460340976715088,-0.3006248474121094,-0.10502326105012116,0.09816187620162964,-0.34061504900455475,-0.12446241442336259,0.04565441608428955,-0.1800999641418457,-0.04390116024984536,0.04979348182678223,-0.2693542242050171,-0.06661714975012956,0.04976475238800049,-0.3242580443620682,-0.09166343126668153,0.050921082496643066,-0.3661706894636154,-0.1108709162868422,-0.00710529088973999,-0.17282402515411377,-0.045839115867750024,-0.003002345561981201,-0.25297290086746216,-0.0682305878795546,-0.0007187128067016602,-0.30163487792015076,-0.08960444841756043,0.003406345844268799,-0.3404374271631241,-0.10381341342105088,-0.061558693647384644,-0.15328723192214966,-0.05324485142006097,-0.05677396059036255,-0.2136824131011963,-0.0731185114778441,-0.05406767129898071,-0.2509359121322632,-0.08355351153983293,-0.048219263553619385,-0.28368741273880005,-0.0904946363367003,B
0.0,0.0,0.0,-0.05399000644683838,-0.01598978042602539,-0.13519019331786808,-0.11139565706253052,-0.05233961343765259,-0.19541742350909885,-0.18644863367080688,-0.08095496892929077,-0.22526219930503544,-0.24807915091514587,-0.12138113379478455,-0.2519739016518372,0.012794256210327148,-0.15871024131774902,-0.15688807215545353,-0.03717309236526489,-0.24088215827941895,-0.17690496589992222,-0.1100156307220459,-0.258084237575531,-0.18774055387828525,-0.1682208776473999,-0.2542981803417206,-0.1907657876238602,0.011846721172332764,-0.16223031282424927,-0.07948472049091038,-0.04435986280441284,-0.24799582362174988,-0.09402828361842808,-0.11666291952133179,-0.263278990983963,-0.10944074090573963,-0.17341718077659607,-0.2513176202774048,-0.1198136478290337,-0.0003337264060974121,-0.15903308987617493,-0.005588934067674245,-0.04803609848022461,-0.23206228017807007,-0.013119302466549243,-0.11155009269714355,-0.24341648817062378,-0.03915074538443264,-0.16442838311195374,-0.2386854887008667,-0.0576113096997517,-0.01642310619354248,-0.15364325046539307,0.06044143740083996,-0.05789780616760254,-0.20481204986572266,0.04877730015661541,-0.10990405082702637,-0.2145879864692688,0.030142435096166764,-0.1571255922317505,-0.21193534135818481,0.017987565360925828,C
0.0,0.0,0.0,-0.02923107147216797,-0.020436763763427734,-0.10408799875946784,-0.0868576169013977,-0.052060455083847046,-0.14897683788510108,-0.17971229553222656,-0.06612962484359741,-0.17356750894757056,-0.25057587027549744,-0.08714717626571655,-0.19776538540097022,-0.010762214660644531,-0.16222324967384338,-0.1154599912879064,-0.04417961835861206,-0.24480539560317993,-0.14623037506314063,-0.057555198669433594,-0.2983422875404358,-0.16757369567127967,-0.05740463733673096,-0.34092703461647034,-0.18245681155892157,-0.042100369930267334,-0.1573159396648407,-0.06626137126656317,-0.1469654142856598,-0.19326895475387573,-0.11250038225622916,-0.2060016393661499,-0.1608985960483551,-0.13258918155403876,-0.21431589126586914,-0.1276564598083496,-0.1348604314443662,-0.07132011651992798,-0.14272573590278625,-0.022282004025299784,-0.15796229243278503,-0.16822272539138794,-0.062181019824464556,-0.20203745365142822,-0.13804668188095093,-0.08005637456150794,-0.20433199405670166,-0.11542552709579468,-0.08016560752363944,-0.09467059373855591,-0.125432550907135,0.014824776310007337,-0.16756635904312134,-0.12717682123184204,-0.019879849296529528,-0.19608861207962036,-0.10979139804840088,-0.035969132226426836,-0.19277304410934448,-0.09359937906265259,-0.03607515771361136,D
0.0,0.0,0.0,0.09100082516670227,-0.004054725170135498,-0.06468899886888835,0.1792987883090973,-0.03328794240951538,-0.10273733328861567,0.19422319531440735,-0.07483109831809998,-0.1399856765179095,0.1303788721561432,-0.09146904945373535,-0.17600468884987208,0.13816621899604797,-0.1788977086544037,-0.039596266707604855,0.13194337487220764,-0.2608415484428406,-0.0884816829471049,0.13862982392311096,-0.25815102458000183,-0.12564596127552363,0.13429346680641174,-0.21881777048110962,-0.14343565296215388,0.06518056988716125,-0.18844586610794067,-0.03537589650434825,0.0620441734790802,-0.2876184284687042,-0.08152786981148097,0.0696040689945221,-0.2648618221282959,-0.1109711934236941,0.07511624693870544,-0.21990343928337097,-0.12223904918712947,0.000611424446105957,-0.18351536989212036,-0.04042000289840075,-0.005717426538467407,-0.2780984938144684,-0.08327707242054316,0.010573893785476685,-0.25048327445983887,-0.09775058518928859,0.0171298086643219,-0.20026475191116333,-0.09750019352716777,-0.06330522894859314,-0.16613340377807617,-0.05249164219779345,-0.06131371855735779,-0.23802345991134644,-0.08554959636015269,-0.04384717345237732,-0.22214961051940918,-0.09490374814552638,-0.032919496297836304,-0.18467113375663757,-0.09509168159050319,E
0.0,0.0,0.0,-0.05240020155906677,-0.022162795066833496,-0.12976536143412432,-0.06649500131607056,-0.07573235034942627,-0.18650187540640673,-0.06993195414543152,-0.13950347900390625,-0.21520338941206774,-0.08501914143562317,-0.1958402395248413,-0.2401736675559505,0.02363911271095276,-0.1498902440071106,-0.1552885173617824,0.006475567817687988,-0.25350865721702576,-0.18782405543913683,-0.0012826323509216309,-0.3189307451248169,-0.20935027289976915,0.0043637752532958984,-0.36848853528499603,-0.22596257913698992,0.048998117446899414,-0.16349703073501587,-0.09914289403548082,0.03894400596618652,-0.2649504542350769,-0.13757488120188555,0.04045438766479492,-0.33389702439308167,-0.16437359142889818,0.04799079895019531,-0.38312478363513947,-0.18375360954394182,0.05687761306762695,-0.15977013111114502,-0.047767512386940325,0.09137260913848877,-0.2421567142009735,-0.08817421633591493,0.12470448017120361,-0.29489731788635254,-0.12217108148922762,0.15803223848342896,-0.3334510028362274,-0.14495146263232073,0.050765156745910645,-0.15244847536087036,-0.0035920996482445844,0.08375507593154907,-0.1947719156742096,-0.04151488084187349,0.11215919256210327,-0.22367557883262634,-0.06953493494381746,0.14563900232315063,-0.24777525663375854,-0.08921513695111116,F
0.0,0.0,0.0,0.07584846019744873,-0.01498037576675415,-0.04488177791142789,0.14731693267822266,-0.08793073892593384,-0.05415103033089963,0.1809116005897522,-0.15228000283241272,-0.05931166753077832,0.16868716478347778,-0.2010572850704193,-0.061003351657632265,0.11543655395507812,-0.15429115295410156,-0.03492364480996457,0.12244182825088501,-0.2372908592224121,-0.07691758692169515,0.12781226634979248,-0.28469783067703247,-0.10168913572931615,0.13503724336624146,-0.32977208495140076,-0.1186078768959078,0.05630040168762207,-0.15712285041809082,-0.031058246343377505,0.050655484199523926,-0.17170679569244385,-0.10054305016899434,0.03678244352340698,-0.10359454154968262,-0.11630254059934941,0.03208190202713013,-0.07179749011993408,-0.11176096469068852,0.0005251169204711914,-0.1508379876613617,-0.033664861767533694,-0.008101969957351685,-0.15862208604812622,-0.10415237963104573,-0.007340431213378906,-0.09503823518753052,-0.09697202414179174,-0.0017587840557098389,-0.06775522232055664,-0.07510441362762776,-0.05510130524635315,-0.14174729585647583,-0.03998348310494748,-0.058394670486450195,-0.14371925592422485,-0.09381805181408254,-0.05108499526977539,-0.09520232677459717,-0.09248823493624059,-0.040368109941482544,-0.07247596979141235,-0.07912810712957707,G
0.0,0.0,0.0,0.06717032194137573,-0.042438626289367676,-0.04153795958120554,0.09426385164260864,-0.10330849885940552,-0.04734892070848673,0.08491253852844238,-0.15171894431114197,-0.054416612243244344,0.07472801208496094,-0.1906462013721466,-0.05840239346582621,0.07842224836349487,-0.12721866369247437,-0.0064115193541738336,0.07053893804550171,-0.18587639927864075,-0.0436357860322687,0.05935680866241455,-0.22183865308761597,-0.0696544390972349,0.036509573459625244,-0.2573317289352417,-0.08559830904562205,0.02111765742301941,-0.12532204389572144,-0.012341333074459726,0.040902912616729736,-0.17777672410011292,-0.06149355367381304,0.04400765895843506,-0.2115110158920288,-0.08894139946062296,0.03457087278366089,-0.24540799856185913,-0.09857901603538721,-0.03674513101577759,-0.11450561881065369,-0.026695549940654928,-0.05773484706878662,-0.1344498097896576,-0.0997832831795904,-0.04148605465888977,-0.09334352612495422,-0.10890265971977442,-0.019979655742645264,-0.06779620051383972,-0.09179315388757914,-0.0911843478679657,-0.09695324301719666,-0.044513535207101995,-0.10804706811904907,-0.10908830165863037,-0.09974382490474909,-0.08899271488189697,-0.07966086268424988,-0.09915751636583536,-0.06322208046913147,-0.05971115827560425,-0.08507495046217173,H
0.0,0.0,0.0,0.0696520209312439,-0.05102801322937012,-0.018916297228770418,0.08247503638267517,-0.11090236902236938,-0.037641427935795946,0.06273552775382996,-0.15517830848693848,-0.06387980607314603,0.03414282202720642,-0.19156157970428467,-0.08502344367070691,-0.005586445331573486,-0.15564551949501038,-0.028102291272716684,0.007902920246124268,-0.2107982039451599,-0.08218573358817594,0.008608460426330566,-0.24908089637756348,-0.11257532563968198,0.006733119487762451,-0.28525254130363464,-0.12880219099088208,-0.060852497816085815,-0.14854368567466736,-0.047413713754849596,0.0420093834400177,-0.18113338947296143,-0.11360307362838284,0.1230384111404419,-0.20365548133850098,-0.13482310947938458,0.1860552430152893,-0.22252511978149414,-0.13875010189576642,-0.10623699426651001,-0.1340751349925995,-0.07229242053790585,0.03227323293685913,-0.13457274436950684,-0.15365565893216626,0.053144991397857666,-0.08584433794021606,-0.14178816554112927,0.052071720361709595,-0.05225151777267456,-0.10705019113584058,-0.135890394449234,-0.11217442154884338,-0.09973563578887479,-0.007919907569885254,-0.11085084080696106,-0.15130430039926068,0.01816532015800476,-0.07625797390937805,-0.13636241433187024,0.015643715858459473,-0.05155223608016968,-0.10887352702184216,H
0.0,0.0,0.0,0.026187151670455933,-0.06605726480484009,0.021338165043061963,0.02659815549850464,-0.12460881471633911,0.0015221285905226978,0.03388521075248718,-0.17169305682182312,-0.03192093199663759,0.03660529851913452,-0.21279653906822205,-0.05993764078789354,-0.08125215768814087,-0.15782251954078674,-0.0195850317793429,-0.033093780279159546,-0.2216918170452118,-0.06068959063463808,-0.01785874366760254,-0.2585828900337219,-0.07658154866271616,-0.006463110446929932,-0.2931019067764282,-0.08311834535174967,-0.0838659405708313,-0.14842578768730164,-0.05189290619068743,0.07705309987068176,-0.19511905312538147,-0.09172886958890558,0.16618600487709045,-0.21408292651176453,-0.09187250188165308,0.23106512427330017,-0.23178249597549438,-0.0875154470520556,-0.06523889303207397,-0.13358399271965027,-0.08411642512851358,0.10731777548789978,-0.14577624201774597,-0.11833477369123102,0.101919025182724,-0.11218991875648499,-0.09322449913793207,0.07465758919715881,-0.09009957313537598,-0.06686177453570963,-0.026104599237442017,-0.11605235934257507,-0.11702323308759333,0.107876718044281,-0.12026932835578918,-0.125732172043854,0.10534501075744629,-0.09432047605514526,-0.10156947723203302,0.07812812924385071,-0.0792190432548523,-0.07938335439735056,H
0.0,0.0,0.0,-0.00622984766960144,-0.06545698642730713,0.018362907221785463,-0.00325891375541687,-0.13280540704727173,0.004658912768832124,0.024654686450958252,-0.18572723865509033,-0.020701973238715254,0.03742337226867676,-0.22869756817817688,-0.03822212713373574,-0.09487256407737732,-0.17228728532791138,-0.016037071594723784,-0.03597831726074219,-0.24059870839118958,-0.05609019147766503,-0.01593029499053955,-0.2791248559951782,-0.07271292107714089,-0.006138265132904053,-0.31357353925704956,-0.0795105700434533,-0.08645078539848328,-0.16245058178901672,-0.046117883646616065,0.0789671540260315,-0.21092957258224487,-0.08468534099472436,0.17400768399238586,-0.23159995675086975,-0.08797328966272744,0.24306192994117737,-0.2517200708389282,-0.08723121183527383,-0.05753621459007263,-0.14805346727371216,-0.07681648480308922,0.11855849623680115,-0.16268688440322876,-0.11235830979956063,0.1191810667514801,-0.12967953085899353,-0.09172549145830544,0.09465673565864563,-0.10886538028717041,-0.06870163279188546,-0.007545560598373413,-0.13055050373077393,-0.10839257436407479,0.1334621012210846,-0.13630324602127075,-0.11662757443798455,0.12938043475151062,-0.11146694421768188,-0.09372943686855706,0.10078683495521545,-0.09788978099822998,-0.07283732342136773,H
0.0,0.0,0.0,0.023388206958770752,-0.06550222635269165,0.009088535187288471,0.02255287766456604,-0.12746715545654297,-0.014704444120184235,0.030962884426116943,-0.17634868621826172,-0.05055574295158749,0.035465508699417114,-0.22009700536727905,-0.0802791152619875,-0.0878140926361084,-0.1642943024635315,-0.02805849690969353,-0.03581389784812927,-0.2285882830619812,-0.07420111042495137,-0.020323872566223145,-0.2667866349220276,-0.09369073403115635,-0.011693030595779419,-0.30235645174980164,-0.10224486482377415,-0.09241440892219543,-0.15166470408439636,-0.05741851744289761,0.07437911629676819,-0.20061907172203064,-0.10365584087605839,0.1648862659931183,-0.2224336564540863,-0.10624620658393269,0.23337331414222717,-0.24315690994262695,-0.10313345831866627,-0.07481566071510315,-0.1346578299999237,-0.0883841846608675,0.10620120167732239,-0.15046557784080505,-0.13254737448926335,0.10525122284889221,-0.11543363332748413,-0.10778366369243031,0.0812598168849945,-0.09122276306152344,-0.07928163153167134,-0.034783393144607544,-0.1156388521194458,-0.12111556869979268,0.10575118660926819,-0.1244785487651825,-0.1372595537924326,0.1062001883983612,-0.09678545594215393,-0.11316654426093464,0.08112451434135437,-0.07947182655334473,-0.08979437095160847,H
0.0,0.0,0.0,0.08523887395858765,-0.058276593685150146,-0.03420534437856304,0.09865957498550415,-0.13092294335365295,-0.049435322045894736,0.06755310297012329,-0.18212458491325378,-0.0699100316163026,0.04119306802749634,-0.2196509838104248,-0.08341207808217632,0.0094948410987854,-0.16450893878936768,-0.02451138651332485,0.005198478698730469,-0.2263568937778473,-0.07682600325307476,-0.003931403160095215,-0.2645632326602936,-0.10767543768844234,-0.017783313989639282,-0.3002645671367645,-0.12518081521949398,-0.054655611515045166,-0.15658411383628845,-0.03801204344591724,-0.0002478361129760742,-0.1919289231300354,-0.10844472503623592,0.03665703535079956,-0.21774691343307495,-0.13704245245418178,0.05563634634017944,-0.2446037232875824,-0.14496952748260128,-0.11313962936401367,-0.14252755045890808,-0.05929231351575481,-0.013973832130432129,-0.14302274584770203,-0.1493453875776254,0.024285495281219482,-0.09543782472610474,-0.1499259517188989,0.03517961502075195,-0.0660332441329956,-0.1218272194858514,-0.15757685899734497,-0.12140542268753052,-0.0842360973950349,-0.05150023102760315,-0.11795389652252197,-0.14179754710158932,-0.018408000469207764,-0.0865386426448822,-0.13722993886432278,-0.015080899000167847,-0.06647175550460815,-0.11744330531320202,H
0.0,0.0,0.0,0.05311018228530884,-0.044288039207458496,-0.06958428016895368,0.07761478424072266,-0.10721945762634277,-0.06447686246627882,0.07639789581298828,-0.15660473704338074,-0.04914877927893713,0.055999159812927246,-0.19169747829437256,-0.028881437992993142,0.1134481430053711,-0.14568966627120972,0.004399397493955348,0.09559839963912964,-0.21382808685302734,-0.008677430367413308,0.08120524883270264,-0.2504556477069855,-0.02162860139304712,0.06337040662765503,-0.28242212533950806,-0.027873841962161805,0.04833883047103882,-0.13762792944908142,0.02764120520060942,-0.018558084964752197,-0.18035027384757996,0.002870197724234913,-0.07277905941009521,-0.21071285009384155,-0.028145864522400643,-0.12206333875656128,-0.24095779657363892,-0.04080560050005033,-0.01183408498764038,-0.12088355422019958,0.040147971445378516,-0.06281369924545288,-0.1295548677444458,-0.013036479158643033,-0.047995567321777344,-0.09253263473510742,-0.055807281202021386,-0.023449063301086426,-0.07093402743339539,-0.06523779026264265,-0.06634223461151123,-0.1009192168712616,0.04883912214046404,-0.10096666216850281,-0.10893133282661438,0.0008497781489609224,-0.08404242992401123,-0.08294251561164856,-0.020708745261970307,-0.05923205614089966,-0.06333217024803162,-0.02150442070359304,H
0.0,0.0,0.0,-0.0008608102798461914,-0.03917926549911499,-0.1140958494065103,0.01919376850128174,-0.09708508849143982,-0.11921947212198347,0.03661990165710449,-0.1426267921924591,-0.09595782817581266,0.03688991069793701,-0.17588666081428528,-0.06657941402175993,0.14338409900665283,-0.1178305447101593,-0.051735383879929486,0.1124807596206665,-0.18946915864944458,-0.06771848113515944,0.08353334665298462,-0.2327515184879303,-0.08433241904953093,0.06240624189376831,-0.26362940669059753,-0.09222586215713591,0.10494273900985718,-0.11631208658218384,0.007353428795397576,0.022508621215820312,-0.16421130299568176,-0.021535075691133443,-0.06364154815673828,-0.1770840287208557,-0.05448694662430853,-0.13492882251739502,-0.17713570594787598,-0.06451246650198073,0.06173717975616455,-0.11225202679634094,0.0556359016778174,-0.019121885299682617,-0.14050695300102234,0.007098475049645003,-0.07753819227218628,-0.12698078155517578,-0.04483168707469076,-0.10819295048713684,-0.1138201653957367,-0.060509168964415494,0.026674509048461914,-0.10441428422927856,0.09754438190481096,-0.03957545757293701,-0.12416821718215942,0.048131837088078555,-0.0689164400100708,-0.10956087708473206,0.012525482613057193,-0.08475664258003235,-0.09397909045219421,0.003618672301456627,H
0.0,0.0,0.0,-0.04949265718460083,-0.03792750835418701,-0.11898002281287745,-0.04706394672393799,-0.10020270943641663,-0.12823976084092692,-0.022914767265319824,-0.15061122179031372,-0.10582568749288157,-0.020432233810424805,-0.1849035620689392,-0.07691374673942164,0.08754885196685791,-0.1207423210144043,-0.08422290041545466,0.054025232791900635,-0.19480830430984497,-0.09383376940587596,0.02535068988800049,-0.23505285382270813,-0.09800279393294886,0.009242355823516846,-0.2671124339103699,-0.10019429280856684,0.08732974529266357,-0.11816596984863281,-0.01809138312438563,-0.033723652362823486,-0.16856130957603455,-0.037429968560729776,-0.13489723205566406,-0.17841055989265442,-0.0521362262914522,-0.20686492323875427,-0.17798316478729248,-0.05432321011522845,0.06746178865432739,-0.11371597647666931,0.0397977207650797,-0.039065539836883545,-0.13814294338226318,0.0040928002310351985,-0.08558005094528198,-0.1158110499382019,-0.026159106488023554,-0.09944498538970947,-0.09829115867614746,-0.03317272543409899,0.04762762784957886,-0.10679498314857483,0.09041531876226827,-0.0522039532661438,-0.12103724479675293,0.04903261855741903,-0.08166557550430298,-0.10433149337768555,0.02273309909304544,-0.08845090866088867,-0.08843225240707397,0.01814543203016683,H
0.0,0.0,0.0,-0.04476439952850342,-0.04380530118942261,-0.10726271751047989,-0.034766197204589844,-0.11035141348838806,-0.11264697643639465,-0.016229987144470215,-0.160331130027771,-0.08996565821291824,-0.016548573970794678,-0.18988224864006042,-0.06306466641547104,0.10439759492874146,-0.12805184721946716,-0.06067798840524574,0.062479615211486816,-0.20001941919326782,-0.061842733944672545,0.02465498447418213,-0.24003532528877258,-0.0655732545507135,0.006517231464385986,-0.2677218019962311,-0.06756113650919815,0.10536670684814453,-0.12180298566818237,0.003698112958204547,-0.012936890125274658,-0.16378039121627808,-0.016799563492554626,-0.1100226640701294,-0.16124340891838074,-0.037468394215125045,-0.1738303005695343,-0.15097767114639282,-0.0418199281645002,0.0859682559967041,-0.1164364218711853,0.061475647662859956,-0.031452298164367676,-0.14386045932769775,0.02987592113493065,-0.10476857423782349,-0.12930068373680115,-0.00554559002341648,-0.14810577034950256,-0.11515694856643677,-0.01551971486480852,0.0626000165939331,-0.10958701372146606,0.113281777178031,-0.03406494855880737,-0.13106060028076172,0.07959530321238617,-0.08547133207321167,-0.12194538116455078,0.05385234770653824,-0.12367090582847595,-0.11103883385658264,0.049108566765767137,H
0.0,0.0,0.0,-0.04828953742980957,-0.044514000415802,-0.1175165127267519,-0.04757499694824219,-0.10807135701179504,-0.11672287688156757,-0.03277093172073364,-0.15600889921188354,-0.0828938360562006,-0.032176673412323,-0.18818187713623047,-0.04244058460494671,0.09440052509307861,-0.12812873721122742,-0.05440039441486988,0.04886537790298462,-0.1968037486076355,-0.04819585636755619,0.011989295482635498,-0.23575153946876526,-0.048068902199474906,-0.004112541675567627,-0.26292121410369873,-0.04716280356547031,0.08739298582077026,-0.11978697776794434,0.020043586636575128,-0.031170010566711426,-0.16293132305145264,0.007847408088537122,-0.1273086667060852,-0.15789854526519775,-0.014061631379036044,-0.19030559062957764,-0.14224666357040405,-0.018353379075733756,0.06670087575912476,-0.11362385749816895,0.08611443384984341,-0.04316425323486328,-0.14261159300804138,0.056455717677863504,-0.11354696750640869,-0.12261605262756348,0.011306407185884382,-0.14773938059806824,-0.10413873195648193,-0.00313995054489169,0.0485684871673584,-0.10786893963813782,0.14595879360535946,-0.04761010408401489,-0.12811502814292908,0.10907394930222836,-0.09637707471847534,-0.1160908043384552,0.07394112392762509,-0.1254977583885193,-0.10295772552490234,0.06414290263751354,H
0.0,0.0,0.0,0.016115307807922363,-0.05065011978149414,-0.07617335955211502,0.020729243755340576,-0.11151120066642761,-0.06245247090765815,0.01728004217147827,-0.15878507494926453,-0.03615582550474983,0.002556025981903076,-0.18896475434303284,-0.006742161256909185,0.09640955924987793,-0.13938948512077332,0.03512611796548981,0.05916017293930054,-0.197655588388443,0.04319194888165612,0.0328749418258667,-0.22953584790229797,0.0391765068977179,0.010956943035125732,-0.2558906078338623,0.03724733551433701,0.04794192314147949,-0.12943801283836365,0.06921420057705063,-0.033522069454193115,-0.16915291547775269,0.059807391813308186,-0.1055193543434143,-0.19184496998786926,0.023651434084683842,-0.16937047243118286,-0.20820316672325134,0.007972533790677971,0.00037211179733276367,-0.11260718107223511,0.0921860243885817,-0.06564968824386597,-0.12469136714935303,0.04441650395682473,-0.07821878790855408,-0.0932069718837738,-0.015662575164526515,-0.07397150993347168,-0.07064276933670044,-0.03537997792074066,-0.04118126630783081,-0.09312158823013306,0.11230651100567002,-0.08956903219223022,-0.10372945666313171,0.05986333077242989,-0.0951501727104187,-0.08211499452590942,0.025607487162858433,-0.08802199363708496,-0.0633922815322876,0.01826314811995644,H
0.0,0.0,0.0,0.06718754768371582,-0.05247664451599121,-0.03935462932207656,0.07412254810333252,-0.12331870198249817,-0.04560625503876281,0.03833800554275513,-0.17615953087806702,-0.05573838527419639,0.0003553032875061035,-0.21411773562431335,-0.06232066775777412,0.022191226482391357,-0.14384078979492188,-0.002395324382121089,0.010259389877319336,-0.19672253727912903,-0.04691267709353042,-0.0036347508430480957,-0.2270006537437439,-0.07690219531872344,-0.030497640371322632,-0.25646448135375977,-0.09363436649658752,-0.03796803951263428,-0.13792040944099426,-0.01367196018912864,-0.023554682731628418,-0.19633477926254272,-0.07092451254942489,-0.02495133876800537,-0.2369905710220337,-0.10342767785408569,-0.04265397787094116,-0.2739756107330322,-0.11649430493929458,-0.09919509291648865,-0.12281599640846252,-0.034545823439145806,-0.08659130334854126,-0.1394696831703186,-0.12141355822899413,-0.04292622208595276,-0.09937012195587158,-0.1359671200356729,-0.01529395580291748,-0.07147848606109619,-0.11834283868887496,-0.15809395909309387,-0.10150396823883057,-0.058478943511033776,-0.13812938332557678,-0.11368817090988159,-0.12108249168016982,-0.09509754180908203,-0.08667606115341187,-0.12392301808216644,-0.0646732747554779,-0.06403225660324097,-0.11101698826172424,H
0.0,0.0,0.0,0.07217395305633545,-0.06359237432479858,-0.014157371432816035,0.07432669401168823,-0.1281968355178833,-0.0365810895574441,0.052527785301208496,-0.17432135343551636,-0.06902570447448397,0.04476100206375122,-0.21776211261749268,-0.09475136718276644,-0.037284910678863525,-0.16650837659835815,-0.02828862315539027,-0.008440971374511719,-0.22194525599479675,-0.08496145329002047,-0.0030284523963928223,-0.25757256150245667,-0.11425761303428317,-0.004361748695373535,-0.29147404432296753,-0.1286913546038022,-0.08044850826263428,-0.1535029411315918,-0.05032498186949397,0.055796265602111816,-0.18754777312278748,-0.11369338056567813,0.1464410424232483,-0.20751559734344482,-0.12820399722579623,0.21799957752227783,-0.22555339336395264,-0.12931645831588412,-0.10384058952331543,-0.13347822427749634,-0.07826790383580828,0.07289093732833862,-0.13717219233512878,-0.1548936309528699,0.09311765432357788,-0.0911489725112915,-0.13864311000827456,0.08734965324401855,-0.0582348108291626,-0.10407485982898379,-0.10451123118400574,-0.10796165466308594,-0.10899813643220568,0.04138040542602539,-0.11190521717071533,-0.15534273705009127,0.05695188045501709,-0.0797276496887207,-0.13896335086349154,0.04308819770812988,-0.05670875310897827,-0.11290625652793551,H
0.0,0.0,0.0,0.011302977800369263,-0.06771928071975708,0.02690918350276661,0.014091342687606812,-0.13228002190589905,0.00799930261132431,0.03331175446510315,-0.182989239692688,-0.02482760345878887,0.03682336211204529,-0.22779586911201477,-0.05152835717740345,-0.08911693096160889,-0.16921886801719666,-0.02207167839947033,-0.03509187698364258,-0.2368336319923401,-0.06360830387416172,-0.01900497078895569,-0.274263471364975,-0.08070730438771534,-0.009928733110427856,-0.3086410462856293,-0.0884395020300417,-0.08074894547462463,-0.15644067525863647,-0.05903729817214298,0.08201876282691956,-0.2056945562362671,-0.09612176588120747,0.17503675818443298,-0.22544774413108826,-0.09637424370589542,0.24493369460105896,-0.2446121871471405,-0.09535080215277958,-0.0538390576839447,-0.13984361290931702,-0.09521424791159916,0.11748924851417542,-0.15438267588615417,-0.121831290631917,0.1089581549167633,-0.12217006087303162,-0.09288501760306644,0.0815267264842987,-0.1018361747264862,-0.06886286309304523,-0.005082964897155762,-0.12059402465820312,-0.13251320293488789,0.12875989079475403,-0.12652873992919922,-0.13337897530141163,0.12106737494468689,-0.10324093699455261,-0.10591427257600117,0.09194877743721008,-0.09120607376098633,-0.08470185121836948,H
0.0,0.0,0.0,-0.044722557067871094,-0.05942094326019287,0.01983622860700507,-0.04188793897628784,-0.12832820415496826,0.005000890964424798,-0.0014265179634094238,-0.18738535046577454,-0.019328400226527265,0.01772075891494751,-0.23718154430389404,-0.036856580259495786,-0.11392158269882202,-0.17039495706558228,-0.03346894282310586,-0.051473408937454224,-0.2449738085269928,-0.07069851058929544,-0.03273698687553406,-0.2867558002471924,-0.08324009525983911,-0.023387789726257324,-0.32396170496940613,-0.08699649173229318,-0.08815744519233704,-0.16210991144180298,-0.061187814654999784,0.07245057821273804,-0.21423795819282532,-0.09197379249542337,0.16614055633544922,-0.23657384514808655,-0.08975758004396539,0.2328466773033142,-0.2559751570224762,-0.08743369180172067,-0.04386264085769653,-0.15014952421188354,-0.08741683113782983,0.11968755722045898,-0.16385143995285034,-0.11039512205331903,0.10984766483306885,-0.13016468286514282,-0.08452301073282342,0.08263158798217773,-0.10922610759735107,-0.06222931269019227,0.017763495445251465,-0.13625913858413696,-0.1145676185509501,0.14499115943908691,-0.14048510789871216,-0.11329825568407159,0.13184452056884766,-0.11288386583328247,-0.08755413788765054,0.10243195295333862,-0.09865790605545044,-0.06676148224084955,H
0.0,0.0,0.0,-0.025614112615585327,-0.06197929382324219,0.012417915736250507,-0.026821225881576538,-0.12993189692497253,-0.005486138637252225,0.0017215609550476074,-0.18600362539291382,-0.03193287412364043,0.008507847785949707,-0.23448264598846436,-0.05084262649256743,-0.11156797409057617,-0.168798565864563,-0.04097035015661277,-0.056935131549835205,-0.2411937713623047,-0.08740356798011817,-0.04064860939979553,-0.2826583683490753,-0.10689175362426795,-0.032636016607284546,-0.31955206394195557,-0.11607695604402579,-0.09631508588790894,-0.15826964378356934,-0.06904180581409491,0.05980563163757324,-0.21137240529060364,-0.11520518596012153,0.15664494037628174,-0.23408415913581848,-0.11958685005743064,0.22802120447158813,-0.2537885308265686,-0.11947462196189917,-0.059837013483047485,-0.14316341280937195,-0.09655523533660926,0.11012846231460571,-0.16161152720451355,-0.13504051650602378,0.10487961769104004,-0.12931734323501587,-0.10971646989423789,0.07755482196807861,-0.10970115661621094,-0.08410772169668235,-0.005497634410858154,-0.12545564770698547,-0.1255410262449459,0.13092654943466187,-0.13353568315505981,-0.13728752220708884,0.12136012315750122,-0.10823094844818115,-0.11348490650493659,0.09103935956954956,-0.09552210569381714,-0.091859544168301,H
0.0,0.0,0.0,0.05820554494857788,-0.05855315923690796,-0.0267704912340605,0.04747051000595093,-0.12465059757232666,-0.04323924713492033,0.008199036121368408,-0.16735541820526123,-0.06416344278216002,-0.011108696460723877,-0.20721650123596191,-0.07811724030136702,-0.05441555380821228,-0.1596621870994568,-0.038877796462770675,-0.06642580032348633,-0.21881812810897827,-0.09399354093432066,-0.0883888304233551,-0.25599345564842224,-0.12225506835341093,-0.1118784248828888,-0.2902325987815857,-0.13624632739185927,-0.11263397336006165,-0.14697813987731934,-0.05370061480164168,-0.03181859850883484,-0.18039503693580627,-0.11846384041666624,0.031805574893951416,-0.20155781507492065,-0.13618460678219435,0.07927846908569336,-0.22152003645896912,-0.13753182076573012,-0.15580925345420837,-0.12712234258651733,-0.07496837907194731,-0.020759224891662598,-0.12794679403305054,-0.15578724824547407,0.014867603778839111,-0.08420640230178833,-0.14989494167923567,0.021404623985290527,-0.056884944438934326,-0.12098984800934431,-0.17722320556640625,-0.1012519896030426,-0.09953634076475737,-0.05025279521942139,-0.10110479593276978,-0.15209342919945357,-0.018740832805633545,-0.07147061824798584,-0.14409788333534834,-0.023720502853393555,-0.052754998207092285,-0.12274383389114973,H
0.0,0.0,0.0,0.014502942562103271,-0.04931086301803589,-0.08587379129272676,0.02905172109603882,-0.11322876811027527,-0.07734681041580416,0.033779799938201904,-0.1646372377872467,-0.052074314371168384,0.01811349391937256,-0.19969332218170166,-0.023390573725521335,0.11226236820220947,-0.1495005190372467,0.009185799121439686,0.06714779138565063,-0.21747690439224243,0.0017187821944730786,0.029733479022979736,-0.25694969296455383,-0.0135274280760882,0.0005720257759094238,-0.28556543588638306,-0.020840519383966694,0.061503708362579346,-0.13715118169784546,0.04925985886114859,-0.027256518602371216,-0.18192854523658752,0.029120954408824673,-0.10422417521476746,-0.20108026266098022,-0.008806981422424087,-0.16795215010643005,-0.21047300100326538,-0.024068747923195133,0.011240839958190918,-0.11929205060005188,0.07821072517293715,-0.07208758592605591,-0.13705042004585266,0.02880111029702448,-0.09380191564559937,-0.10609441995620728,-0.026903686389744053,-0.08629113435745239,-0.0818602442741394,-0.044113827214061985,-0.032369017601013184,-0.09988030791282654,0.10319397477763914,-0.1026107668876648,-0.11649203300476074,0.05168277649539732,-0.11127793788909912,-0.09354394674301147,0.019896520956933728,-0.09547138214111328,-0.0722002387046814,0.014677970394075146,H
0.0,0.0,0.0,-0.02352970838546753,-0.03347665071487427,-0.13433940071359984,-0.01772385835647583,-0.0931617021560669,-0.15043129879728667,-0.005239963531494141,-0.14090672135353088,-0.13155602771536223,3.063678741455078e-05,-0.1798221468925476,-0.10452229637400023,0.12879294157028198,-0.1212376058101654,-0.08699505883947722,0.08137297630310059,-0.19706913828849792,-0.10079264748588912,0.04453784227371216,-0.24109214544296265,-0.11417308557525985,0.026237964630126953,-0.2714603543281555,-0.12205966669813506,0.10495257377624512,-0.11801990866661072,-0.016133285274065656,-0.00543057918548584,-0.16354244947433472,-0.042645164911903066,-0.0967913269996643,-0.16430166363716125,-0.06870292234913222,-0.15830236673355103,-0.15589672327041626,-0.07573596495882384,0.06846368312835693,-0.11516156792640686,0.04428671192630418,-0.04056885838508606,-0.14260408282279968,0.0036372184685546927,-0.10055780410766602,-0.1246008574962616,-0.03743146840230338,-0.1192079484462738,-0.1111951470375061,-0.04946733746425025,0.03502422571182251,-0.10999926924705505,0.09611782323821672,-0.05581936240196228,-0.12783187627792358,0.05286303799852021,-0.08317434787750244,-0.11104753613471985,0.022440523694001513,-0.08681419491767883,-0.09529942274093628,0.015636359194957095,H
0.0,0.0,0.0,-0.04675477743148804,-0.034036993980407715,-0.12410131246781475,-0.03762882947921753,-0.09332442283630371,-0.1499423250648988,-0.014569699764251709,-0.14388754963874817,-0.14414245040154583,-0.01361006498336792,-0.1827346384525299,-0.13488803953862316,0.10620850324630737,-0.11925143003463745,-0.10952075720763332,0.06637877225875854,-0.1955854296684265,-0.13055448384022839,0.03460735082626343,-0.23947679996490479,-0.14574143440461285,0.018596172332763672,-0.27100855112075806,-0.15601006300187237,0.11967098712921143,-0.11877855658531189,-0.04432133362627155,-0.004166781902313232,-0.16810891032218933,-0.07765444518065578,-0.11013400554656982,-0.1774369776248932,-0.09886110723948605,-0.1815691888332367,-0.17591285705566406,-0.10612867922520763,0.10429304838180542,-0.11795124411582947,0.01385428327137106,-0.012317240238189697,-0.15561991930007935,-0.02917023711836464,-0.09729883074760437,-0.1567693054676056,-0.05898195655083782,-0.1463685929775238,-0.15455761551856995,-0.06732401401734478,0.08056676387786865,-0.11424174904823303,0.06472352742218845,-0.009408771991729736,-0.13814929127693176,0.023044886430739098,-0.0633159875869751,-0.13682875037193298,-0.0002445201831733357,-0.1026017963886261,-0.1327817142009735,-0.0049062707554412555,H
0.0,0.0,0.0,-0.04994004964828491,-0.03723263740539551,-0.12788977669822543,-0.03863072395324707,-0.09968164563179016,-0.14425056623565524,-0.01534360647201538,-0.1506148874759674,-0.12624710249053805,-0.01782095432281494,-0.18886840343475342,-0.10371761219846576,0.10286682844161987,-0.1225401759147644,-0.09281657832013934,0.06748586893081665,-0.19883599877357483,-0.09776026206361621,0.03240466117858887,-0.24164533615112305,-0.10350258099185794,0.015766799449920654,-0.2718050479888916,-0.1075554435168442,0.11228436231613159,-0.11720234155654907,-0.01779798241602748,-0.0050217509269714355,-0.16315484046936035,-0.04005793677913516,-0.10964912176132202,-0.16498947143554688,-0.06086627962338298,-0.18087196350097656,-0.15815505385398865,-0.0665984620367226,0.09556323289871216,-0.11313045024871826,0.0500811542357269,-0.016961395740509033,-0.14652955532073975,0.015248836853629655,-0.09954097867012024,-0.1380540132522583,-0.02177521968530982,-0.1436675786972046,-0.1295446753501892,-0.033801654449575835,0.07562172412872314,-0.10962855815887451,0.11106990081918866,-0.013644695281982422,-0.1318061649799347,0.07352153761041791,-0.06886065006256104,-0.12543290853500366,0.045278644093400544,-0.10540127754211426,-0.11716407537460327,0.03790275556696088,H
0.0,0.0,0.0,-0.047559380531311035,-0.034207165241241455,-0.13532293483308422,-0.03932827711105347,-0.0944298505783081,-0.15223007544568645,-0.014078915119171143,-0.14336585998535156,-0.13290686055711376,-0.004476428031921387,-0.18259379267692566,-0.10697536065868007,0.09768635034561157,-0.11277338862419128,-0.11067613109639751,0.06588560342788696,-0.18970295786857605,-0.1245749805837022,0.037426531314849854,-0.23191654682159424,-0.1321227614550935,0.02490299940109253,-0.2660138010978699,-0.13699991151383983,0.09653151035308838,-0.1113801896572113,-0.03466911136797535,-0.016837716102600098,-0.16100043058395386,-0.06603342935136425,-0.11914628744125366,-0.1657295525074005,-0.08730227395585644,-0.19051846861839294,-0.1617814600467682,-0.09202637418798076,0.07475483417510986,-0.11080905795097351,0.03365069359847439,-0.026308715343475342,-0.1345859169960022,-0.009101023782704942,-0.08191758394241333,-0.11125975847244263,-0.04252054810217487,-0.10172826051712036,-0.09428203105926514,-0.050542595681463354,0.05293077230453491,-0.10922688245773315,0.09410856023737324,-0.03809744119644165,-0.12047162652015686,0.04750655323573483,-0.06951409578323364,-0.10146093368530273,0.017977369132722743,-0.07969993352890015,-0.08502447605133057,0.011694443526948817,H
0.0,0.0,0.0,-0.04101592302322388,-0.03630077838897705,-0.12352699493180808,-0.034463584423065186,-0.09675520658493042,-0.13874703352462348,-0.008388340473175049,-0.14500969648361206,-0.12098590736400183,-8.845329284667969e-05,-0.1822056770324707,-0.09632332329761084,0.10696858167648315,-0.11605271697044373,-0.0943523616076618,0.075572669506073,-0.1925283670425415,-0.10690463786136206,0.04391002655029297,-0.2358246147632599,-0.11700652246486243,0.03002709150314331,-0.2687239646911621,-0.12387027298223074,0.10619020462036133,-0.11232742667198181,-0.024205337140074334,-0.005673706531524658,-0.15939363837242126,-0.05266138990532454,-0.10292470455169678,-0.15923574566841125,-0.0736222088814884,-0.1688387095928192,-0.1503446102142334,-0.07792139505158957,0.08373445272445679,-0.10980501770973206,0.03914563278544847,-0.021154284477233887,-0.13585013151168823,0.0027793700794518372,-0.07799401879310608,-0.11407601833343506,-0.025537627610674463,-0.09941381216049194,-0.09582710266113281,-0.030764407339802347,0.060158491134643555,-0.10691076517105103,0.0949655875085682,-0.03180211782455444,-0.12462940812110901,0.0549771628795952,-0.06610846519470215,-0.10998421907424927,0.03169786478269998,-0.07887890934944153,-0.09454464912414551,0.02980313557077352,H
0.0,0.0,0.0,-0.03485310077667236,-0.03354811668395996,-0.13601758340308834,-0.024165213108062744,-0.09275883436203003,-0.14472619453380275,-0.0036624670028686523,-0.13693463802337646,-0.11378933498571087,0.011895418167114258,-0.17506444454193115,-0.07499457905004192,0.11317360401153564,-0.11052703857421875,-0.11395664522359539,0.08009231090545654,-0.18299713730812073,-0.13359867790649105,0.054676175117492676,-0.2267022728919983,-0.14851302662799526,0.039083898067474365,-0.26061907410621643,-0.15666527310321499,0.0957556962966919,-0.10806477069854736,-0.03690340379188228,-0.0053560733795166016,-0.16171035170555115,-0.057257410231329686,-0.09845110774040222,-0.1799388825893402,-0.07634887108514476,-0.16949021816253662,-0.1876419186592102,-0.08320130417058635,0.06740987300872803,-0.10682544112205505,0.03064930429746937,-0.024614453315734863,-0.13065436482429504,-0.004422642848737723,-0.07076215744018555,-0.10287526249885559,-0.04037646213481594,-0.07480412721633911,-0.08443108201026917,-0.05285784983942676,0.04207766056060791,-0.10547181963920593,0.08985403915932011,-0.04436677694320679,-0.11714720726013184,0.04483298575570416,-0.06709504127502441,-0.09544223546981812,0.012971527781985515,-0.060922980308532715,-0.07908529043197632,0.0030836569151801996,H
0.0,0.0,0.0,-0.02802819013595581,-0.033326685428619385,-0.12892013801598523,-0.01933300495147705,-0.09233903884887695,-0.14013062430882428,0.0016809701919555664,-0.1385466754436493,-0.11633888645434354,0.01025390625,-0.17602643370628357,-0.08536396188998197,0.11109960079193115,-0.11272430419921875,-0.09777861101889584,0.07726472616195679,-0.1848677098751068,-0.1157392860796449,0.05188709497451782,-0.2266157865524292,-0.12874037040734265,0.03716081380844116,-0.25962308049201965,-0.13585680736565564,0.09072613716125488,-0.1112205982208252,-0.029499847575664262,-0.014183223247528076,-0.1621984839439392,-0.050920635595559816,-0.10387808084487915,-0.1770007312297821,-0.06948740048670743,-0.16981536149978638,-0.18204951286315918,-0.07516577108168576,0.056774020195007324,-0.10963433980941772,0.028862513468027373,-0.0336228609085083,-0.13210925459861755,-0.010321924596667031,-0.07055217027664185,-0.1038699746131897,-0.04475839449429486,-0.07085567712783813,-0.0851624608039856,-0.05458648516201947,0.026706695556640625,-0.1061205267906189,0.07922279821372058,-0.05723518133163452,-0.11880582571029663,0.03404108421540286,-0.07067215442657471,-0.09595847129821777,0.005584481038511058,-0.059700727462768555,-0.07798033952713013,-0.0012514589062107007,H
0.0,0.0,0.0,-0.027067601680755615,-0.035785794258117676,-0.12477202969859036,-0.019564926624298096,-0.09582167863845825,-0.1315156172520915,0.0013380646705627441,-0.14388033747673035,-0.10417317110369595,0.00587308406829834,-0.18022042512893677,-0.06927944976160916,0.11030411720275879,-0.11610910296440125,-0.08313315618107708,0.07516372203826904,-0.1886337697505951,-0.09467066335747631,0.045761823654174805,-0.2300255298614502,-0.10255984473297985,0.028593361377716064,-0.26229313015937805,-0.10622926312754544,0.09115463495254517,-0.11363586783409119,-0.015169217952291092,-0.015386998653411865,-0.16387584805488586,-0.03435871261427792,-0.10958847403526306,-0.17559105157852173,-0.05322361248801144,-0.1808876097202301,-0.1756441593170166,-0.05769722792575749,0.057844579219818115,-0.11070093512535095,0.04294461500575153,-0.0346454381942749,-0.1351068913936615,0.004223127614011446,-0.0756790041923523,-0.10992884635925293,-0.03408306348393353,-0.08480918407440186,-0.09095418453216553,-0.044973271668652615,0.02885746955871582,-0.10523265600204468,0.09362506610085575,-0.05508759617805481,-0.11962297558784485,0.04984974604775516,-0.07119053602218628,-0.09917092323303223,0.018896674036284367,-0.06802952289581299,-0.08106911182403564,0.011023460186322609,H
0.0,0.0,0.0,-0.01724165678024292,-0.03602492809295654,-0.1190170700924682,-0.008653104305267334,-0.09612089395523071,-0.12219790921380991,0.006882965564727783,-0.14206147193908691,-0.09193858311346048,0.014741659164428711,-0.17767289280891418,-0.05448791936805719,0.1182219386100769,-0.11461222171783447,-0.08264644996097559,0.084003746509552,-0.18707284331321716,-0.09648768410852426,0.053405702114105225,-0.2292810082435608,-0.10899684385231012,0.03399115800857544,-0.26223495602607727,-0.11566170857122415,0.09339690208435059,-0.11229968070983887,-0.01598164432516569,-0.009043872356414795,-0.16397270560264587,-0.034529974617271364,-0.10058695077896118,-0.1800333857536316,-0.056869784303216875,-0.170121967792511,-0.185529887676239,-0.06534728214910501,0.058390676975250244,-0.11021265387535095,0.041749222270937025,-0.03084021806716919,-0.1323131024837494,0.0057087466789198515,-0.07182890176773071,-0.10595792531967163,-0.034775273807554186,-0.07888078689575195,-0.08691906929016113,-0.048804690994529665,0.027824699878692627,-0.10630479454994202,0.0925918017251206,-0.05525314807891846,-0.12030813097953796,0.048982055924625456,-0.07306423783302307,-0.10035455226898193,0.017115024916620314,-0.06816345453262329,-0.08348524570465088,0.00785474113354212,H
0.0,0.0,0.0,0.06721892952919006,-0.013486802577972412,-0.06634492173918716,0.12865695357322693,-0.04744136333465576,-0.10130553439387313,0.11732622981071472,-0.09351295232772827,-0.13061635688075057,0.06190517544746399,-0.11651349067687988,-0.14991291359194747,0.11608371138572693,-0.1503828763961792,-0.061945696623411095,0.11361739039421082,-0.16129285097122192,-0.12043072030076019,0.09350243210792542,-0.11429464817047119,-0.14701314762362472,0.08835217356681824,-0.08945369720458984,-0.1522345741105937,0.05642768740653992,-0.16339033842086792,-0.053356671036567604,0.04716503620147705,-0.16080626845359802,-0.12002672746905318,0.03753277659416199,-0.10371869802474976,-0.1385389615608119,0.043919771909713745,-0.08122897148132324,-0.1355579842639827,-0.00013059377670288086,-0.1649787724018097,-0.05479544147976867,-0.012212276458740234,-0.15836721658706665,-0.12393457189330093,-0.008027911186218262,-0.09507471323013306,-0.1302951325488948,0.0005445778369903564,-0.05457007884979248,-0.11238435402640334,-0.050593435764312744,-0.16363319754600525,-0.06102865308650962,-0.040339887142181396,-0.22601258754730225,-0.09499296292790405,-0.03513363003730774,-0.26639389991760254,-0.09923798337706558,-0.025752514600753784,-0.3033190369606018,-0.09209175899752609,I
0.0,0.0,0.0,0.10313278436660767,-0.01208418607711792,-0.12305666625756118,0.18183618783950806,-0.05591708421707153,-0.18931447834032866,0.14203745126724243,-0.10063445568084717,-0.24698334306734893,0.04960930347442627,-0.10980767011642456,-0.2859287348415265,0.1653854250907898,-0.12649399042129517,-0.06919588268059584,0.1366329789161682,-0.1491195559501648,-0.17189528912562224,0.12372899055480957,-0.10983192920684814,-0.21372025579470488,0.13261878490447998,-0.08760732412338257,-0.21413592368620726,0.07829940319061279,-0.12982726097106934,-0.04733132317918631,0.040458738803863525,-0.14545473456382751,-0.17785073191183898,0.04088050127029419,-0.09110558032989502,-0.20615991324442717,0.06969541311264038,-0.0767318606376648,-0.1816939350988278,0.00013959407806396484,-0.13288918137550354,-0.04853277400392386,-0.03900730609893799,-0.1431703269481659,-0.18012540906924102,-0.02436375617980957,-0.08505082130432129,-0.19286275774496886,-0.0009863972663879395,-0.0518496036529541,-0.1497844395067105,-0.06889140605926514,-0.1402817964553833,-0.05960230276244971,-0.05925416946411133,-0.19131731986999512,-0.11768047631043288,-0.05481728911399841,-0.2276146411895752,-0.1287883159543881,-0.045642197132110596,-0.26525840163230896,-0.11376515895384642,J
0.0,0.0,0.0,0.11364668607711792,-0.007545292377471924,-0.13327678966091128,0.17853379249572754,-0.045816898345947266,-0.21699632632301302,0.14403104782104492,-0.08637458086013794,-0.2915224574761197,0.05717426538467407,-0.09968826174736023,-0.3485945306973264,0.16291218996047974,-0.114264577627182,-0.09059178757236452,0.11459559202194214,-0.13127005100250244,-0.19678735661075564,0.10442769527435303,-0.09450680017471313,-0.23311397361324282,0.11957263946533203,-0.07451629638671875,-0.22918760704563113,0.06933325529098511,-0.11674141883850098,-0.07000281589792223,0.01583731174468994,-0.1274472177028656,-0.21012608634994479,0.011219501495361328,-0.0703241229057312,-0.23389930951164217,0.033976197242736816,-0.049477338790893555,-0.20262029695079775,-0.009359121322631836,-0.12252300977706909,-0.07366846429870577,-0.051731765270233154,-0.12243682146072388,-0.20938816594646426,-0.037652432918548584,-0.0673760175704956,-0.22127869653270693,-0.01577526330947876,-0.03693670034408569,-0.17694003808067293,-0.0708816647529602,-0.13111677765846252,-0.08854351120756121,-0.07223856449127197,-0.1754816174507141,-0.148864179130058,-0.06996497511863708,-0.20852813124656677,-0.16483332144782992,-0.0652308464050293,-0.243333637714386,-0.15345166551635714,J
0.0,0.0,0.0,0.10233151912689209,-0.014503180980682373,-0.11327585322473332,0.16985994577407837,-0.06126582622528076,-0.17317735148284719,0.136532723903656,-0.10738950967788696,-0.22422527266357228,0.046812355518341064,-0.12032470107078552,-0.25803013635490224,0.14372825622558594,-0.1250189244747162,-0.06142279250238225,0.10195189714431763,-0.14555123448371887,-0.15426625800941274,0.09838533401489258,-0.10861513018608093,-0.19516174984786794,0.11758559942245483,-0.08837687969207764,-0.20170088601920888,0.05371594429016113,-0.12834760546684265,-0.04233880085561559,-0.0024173855781555176,-0.14025741815567017,-0.1615021873793392,0.007594645023345947,-0.08538991212844849,-0.1880580533823757,0.03963446617126465,-0.06736016273498535,-0.16952629876945302,-0.02509242296218872,-0.12992841005325317,-0.04572726530645177,-0.07375273108482361,-0.1370885968208313,-0.1682985920986919,-0.048020362854003906,-0.08250463008880615,-0.18430033815715596,-0.02324146032333374,-0.050694823265075684,-0.15148857725475118,-0.0892687439918518,-0.1310032308101654,-0.05839242158148572,-0.1089887022972107,-0.17507615685462952,-0.12552492810104177,-0.12097853422164917,-0.21023821830749512,-0.15051019681308553,-0.13285845518112183,-0.24969756603240967,-0.1483805824599056,J
0.0,0.0,0.0,-0.047360897064208984,0.015451014041900635,-0.044793886844772146,-0.11211466789245605,0.02633035182952881,-0.08921369702066784,-0.13537928462028503,0.045770466327667236,-0.12890543580498104,-0.14958667755126953,0.06384646892547607,-0.16414805293526058,-0.15965017676353455,-0.032846808433532715,-0.08855028987373714,-0.13246822357177734,-0.007441163063049316,-0.13585299790348415,-0.0975961685180664,0.011755168437957764,-0.1599765324636877,-0.08512759208679199,0.017060041427612305,-0.17552181125130062,-0.11231169104576111,-0.05814230442047119,-0.08909553081240063,-0.0882064700126648,-0.005515158176422119,-0.12792917132820492,-0.046471357345581055,0.018367230892181396,-0.12945029676403408,-0.03332078456878662,0.021429777145385742,-0.13075180888618831,-0.05569040775299072,-0.06865185499191284,-0.09341688245977764,-0.03274738788604736,-0.021756410598754883,-0.12503427803959255,-0.007895946502685547,-0.007943391799926758,-0.11381725758757,-0.004546999931335449,-0.013617932796478271,-0.1067669594332159,0.007762908935546875,-0.07132214307785034,-0.10311960220779781,0.02636861801147461,-0.03612339496612549,-0.12655914366688137,0.038263797760009766,-0.02262943983078003,-0.12154408336128597,0.036614954471588135,-0.026407837867736816,-0.11605722994055157,J
0.0,0.0,0.0,0.01489245891571045,-0.042661428451538086,-0.14324414219987602,0.060309529304504395,-0.10627532005310059,-0.15714194860589714,0.09106403589248657,-0.15921109914779663,-0.13703323390615196,0.08572337031364441,-0.19714701175689697,-0.110919798280122,0.1916595697402954,-0.12933194637298584,-0.07177533444297524,0.186631441116333,-0.21172505617141724,-0.10110481318366737,0.1818230152130127,-0.2663254141807556,-0.1251363554252407,0.18126654624938965,-0.3048709034919739,-0.13784419980180473,0.15648335218429565,-0.12711107730865479,-0.0010500824060386549,0.05528426170349121,-0.18661361932754517,-0.05271561306250305,-0.04754436016082764,-0.18682098388671875,-0.08801157262456627,-0.1172780692577362,-0.17629849910736084,-0.09232373770606728,0.11118733882904053,-0.12386375665664673,0.05562895301449089,0.004657328128814697,-0.16531682014465332,-0.01693267051410885,-0.07547512650489807,-0.14087945222854614,-0.06333187457454414,-0.10453188419342041,-0.11696094274520874,-0.06696377929580422,0.0715065598487854,-0.11679673194885254,0.10367695007192879,-0.009234815835952759,-0.1460731029510498,0.03681633386480598,-0.06131502985954285,-0.12586700916290283,0.003972240236578273,-0.08324632048606873,-0.10165947675704956,0.003167755880383538,K
0.0,0.0,0.0,0.0027049779891967773,-0.04119670391082764,-0.13884730738180906,0.04628646373748779,-0.1055341362953186,-0.15062542360800535,0.08165538311004639,-0.15958011150360107,-0.13056223195570738,0.08643803000450134,-0.20109349489212036,-0.10659317773360044,0.17985618114471436,-0.13109147548675537,-0.07248014312762052,0.17287671566009521,-0.21276533603668213,-0.09905920278805525,0.17169708013534546,-0.2664054334163666,-0.11926551264303953,0.17609691619873047,-0.3066457509994507,-0.1311572353221777,0.14270555973052979,-0.1293531060218811,-0.00692659717577726,0.0453033447265625,-0.19134026765823364,-0.05599211257475645,-0.05243271589279175,-0.20305603742599487,-0.08890433710593015,-0.12208026647567749,-0.20248782634735107,-0.09315867078083784,0.09457114338874817,-0.12453097105026245,0.04521757263165682,-0.0139046311378479,-0.16221565008163452,-0.026980943126261536,-0.0877065658569336,-0.1340256929397583,-0.0710190023161772,-0.10859629511833191,-0.10928642749786377,-0.07412155818718702,0.053111255168914795,-0.11437225341796875,0.08900386738997668,-0.03535574674606323,-0.14171218872070312,0.01707186821323603,-0.08258241415023804,-0.117800772190094,-0.015950071705162827,-0.09361428022384644,-0.09250903129577637,-0.016479368401348893,K
0.0,0.0,0.0,0.010590553283691406,-0.04268836975097656,-0.14264804795607233,0.05586543679237366,-0.10678833723068237,-0.1549515791259637,0.08815306425094604,-0.1622106432914734,-0.13522786572798395,0.09395337104797363,-0.20413583517074585,-0.11128250435217524,0.18535321950912476,-0.13074201345443726,-0.06645296439751291,0.1813846230506897,-0.21219128370285034,-0.08977582231386805,0.18232345581054688,-0.26571178436279297,-0.10804914608820582,0.18728798627853394,-0.30526167154312134,-0.11811450794562006,0.14656531810760498,-0.13020169734954834,0.0023983859434792976,0.054228365421295166,-0.1911017894744873,-0.046274616571508886,-0.041232943534851074,-0.20158129930496216,-0.08121344372852946,-0.11067113280296326,-0.19906216859817505,-0.08546698764189387,0.09779447317123413,-0.12606221437454224,0.05710599273220396,-0.007596850395202637,-0.16471421718597412,-0.01598201059027815,-0.08461549878120422,-0.139909565448761,-0.06549583301170969,-0.11022087931632996,-0.11621665954589844,-0.07069750800951624,0.05615401268005371,-0.11737459897994995,0.10335367992297506,-0.026608526706695557,-0.14410442113876343,0.03168376236931181,-0.07457756996154785,-0.1221543550491333,-0.005478518272184374,-0.08968427777290344,-0.0976446270942688,-0.008552537488185408,K
0.0,0.0,0.0,0.0028313100337982178,-0.04303497076034546,-0.14150336785962736,0.04959946870803833,-0.10852307081222534,-0.15436004503419554,0.08509629964828491,-0.16447317600250244,-0.13551462097814237,0.08606994152069092,-0.20411962270736694,-0.11293149395635282,0.17722266912460327,-0.13126808404922485,-0.07258275552442228,0.177484929561615,-0.21230477094650269,-0.0982186834399954,0.17867177724838257,-0.26600921154022217,-0.11676070495298063,0.18464839458465576,-0.3073737621307373,-0.12746021552732145,0.1382286548614502,-0.13257509469985962,-0.005244093768055791,0.041369497776031494,-0.19211119413375854,-0.05599970771720564,-0.053368836641311646,-0.1997355818748474,-0.08957071258475935,-0.12051501870155334,-0.1968975067138672,-0.09305980457713758,0.08828890323638916,-0.1288037896156311,0.04871638463089312,-0.023027896881103516,-0.16519254446029663,-0.023693802121783847,-0.09445226192474365,-0.13506507873535156,-0.06848153128078138,-0.114764004945755,-0.11012941598892212,-0.0713816399758116,0.04340624809265137,-0.12008422613143921,0.09400695906231249,-0.04607892036437988,-0.14485973119735718,0.024653065663073903,-0.09256979823112488,-0.11945146322250366,-0.00816487549593603,-0.10411986708641052,-0.09413200616836548,-0.008688657831157798,K
0.0,0.0,0.0,0.017156541347503662,-0.040509164333343506,-0.13696430594120557,0.07649904489517212,-0.10280156135559082,-0.15149439841900403,0.11905515193939209,-0.1568455696105957,-0.13414633244667584,0.11875361204147339,-0.19853097200393677,-0.11196466505919034,0.20455396175384521,-0.12503492832183838,-0.07233589858208234,0.21892523765563965,-0.20800715684890747,-0.10049685806427533,0.22450309991836548,-0.2613205909729004,-0.12233269930277402,0.23106104135513306,-0.30103498697280884,-0.13486157328281934,0.1643105149269104,-0.12787598371505737,-0.007091469768624847,0.08051657676696777,-0.19044595956802368,-0.057405151132684296,-0.01438671350479126,-0.19985738396644592,-0.09099338919315869,-0.07951804995536804,-0.19669067859649658,-0.09635891735945279,0.11257880926132202,-0.12756407260894775,0.04475371569003528,0.019871950149536133,-0.17013943195343018,-0.027985404882770126,-0.05644884705543518,-0.1510601043701172,-0.0726273578444534,-0.08512017130851746,-0.132540762424469,-0.07674444437418515,0.06959545612335205,-0.12079423666000366,0.08843484550322955,0.0014745593070983887,-0.1518622636795044,0.019125830676216538,-0.04746025800704956,-0.13624387979507446,-0.013312441002767628,-0.07085958123207092,-0.11917686462402344,-0.014718737159114426,K
0.0,0.0,0.0,0.02987775206565857,-0.045015573501586914,-0.13451015368053731,0.10176199674606323,-0.10823425650596619,-0.1412913890177947,0.1486033797264099,-0.15885889530181885,-0.11585524842092809,0.14679282903671265,-0.19653591513633728,-0.08393128380129156,0.22848737239837646,-0.11837786436080933,-0.059192625581715674,0.257013738155365,-0.20009487867355347,-0.08844988956997213,0.2675291895866394,-0.2557564377784729,-0.1139120475942832,0.2713139057159424,-0.29716503620147705,-0.12823187723705587,0.1822156310081482,-0.12385901808738708,0.006938518249000936,0.1049613356590271,-0.18852272629737854,-0.04580351501653013,0.007461190223693848,-0.2038407325744629,-0.08613778069565114,-0.06437790393829346,-0.20358401536941528,-0.0955426187808257,0.12825816869735718,-0.1264438033103943,0.0589743985240716,0.044636309146881104,-0.17500826716423035,-0.01077971957573709,-0.03356587886810303,-0.16346275806427002,-0.060602025836203666,-0.06856369972229004,-0.1481594443321228,-0.0685195492202979,0.07999950647354126,-0.12186503410339355,0.1022933705156106,0.01371300220489502,-0.15715456008911133,0.03823025733282748,-0.03811529278755188,-0.1502341330051422,0.0032472412479478407,-0.06675639748573303,-0.1396472156047821,-0.0011830739765059661,K
0.0,0.0,0.0,0.03136485815048218,-0.046340227127075195,-0.11644841007210971,0.09977632761001587,-0.1122276782989502,-0.12340428701855899,0.15067601203918457,-0.16203594207763672,-0.10174368343569995,0.15543097257614136,-0.19597327709197998,-0.07557591072537662,0.23436498641967773,-0.11601927876472473,-0.0695010276816106,0.26835089921951294,-0.2034827172756195,-0.09788486383177997,0.28579407930374146,-0.25873827934265137,-0.11891637019135715,0.29997819662094116,-0.2985687553882599,-0.13188616953112842,0.19622820615768433,-0.11918580532073975,-0.013760131069204817,0.11017805337905884,-0.1892317533493042,-0.06139335803010226,0.010452419519424438,-0.20189163088798523,-0.08979595474221469,-0.05415695905685425,-0.19889628887176514,-0.0942732842943883,0.14642000198364258,-0.12038788199424744,0.031182512424209108,0.04835444688796997,-0.17182517051696777,-0.032328944870016585,-0.03064483404159546,-0.15531489253044128,-0.06791678092696429,-0.05902963876724243,-0.13556978106498718,-0.06984400025822879,0.09799450635910034,-0.1138533353805542,0.0687835810401225,0.014516115188598633,-0.15213710069656372,0.007482226721265306,-0.035521507263183594,-0.1352165937423706,-0.018824748911640654,-0.053387463092803955,-0.11393529176712036,-0.01769035331227542,K
0.0,0.0,0.0,0.03446245193481445,-0.04937183856964111,-0.12453495021884464,0.10623878240585327,-0.11103415489196777,-0.1292281975967171,0.15687555074691772,-0.15677252411842346,-0.10241445209805988,0.16844606399536133,-0.18846917152404785,-0.07029064055507206,0.24546176195144653,-0.10284048318862915,-0.06925742384021305,0.2800668478012085,-0.18609964847564697,-0.09635260757033848,0.299738347530365,-0.2433321624994278,-0.11905650850360416,0.3136078715324402,-0.28534188866615295,-0.13339685704534077,0.20443463325500488,-0.10464879870414734,-0.005383276939141979,0.12161368131637573,-0.17662987112998962,-0.05031747054283642,0.02212551236152649,-0.19213107228279114,-0.08209759797875904,-0.0464726984500885,-0.1907629668712616,-0.08913403805320286,0.15385359525680542,-0.10614874958992004,0.04704141188437916,0.05884072184562683,-0.16169121861457825,-0.015034282207238903,-0.02581721544265747,-0.14826750755310059,-0.05667865332191013,-0.05952596664428711,-0.12949681282043457,-0.06269115265433811,0.10599452257156372,-0.10249978303909302,0.09178115371639706,0.020901381969451904,-0.14112868905067444,0.029055432789277802,-0.03531169891357422,-0.12585046887397766,-0.002777336723852386,-0.05698230862617493,-0.10459452867507935,-0.0053314050657036205,K
0.0,0.0,0.0,0.03449258208274841,-0.05001974105834961,-0.1233564127895761,0.10826006531715393,-0.10927164554595947,-0.12706225707268004,0.16800245642662048,-0.15127211809158325,-0.09902799471353774,0.17601844668388367,-0.18214301764965057,-0.06571405722831969,0.2500254809856415,-0.10266295075416565,-0.07059669836496596,0.2904314696788788,-0.18917067348957062,-0.09362464740013365,0.31351885199546814,-0.24766449630260468,-0.11364095254873519,0.33442363142967224,-0.28933195769786835,-0.12626903846000914,0.20929476618766785,-0.10241875052452087,-0.006671457710467621,0.13296088576316833,-0.1742304265499115,-0.04757730632161383,0.03116282820701599,-0.19732661545276642,-0.07845142825578932,-0.041224151849746704,-0.2008616328239441,-0.0843905393693376,0.15775081515312195,-0.10319292545318604,0.04678933353090997,0.07155701518058777,-0.1513800323009491,-0.011184453657619997,-0.009150117635726929,-0.1353231966495514,-0.054085615715735,-0.0393277108669281,-0.11327853798866272,-0.06133395775293593,0.1095784604549408,-0.0995679497718811,0.09301772371793504,0.02369895577430725,-0.13615545630455017,0.033157728919036344,-0.028990983963012695,-0.12079942226409912,0.0017583343006890573,-0.046660006046295166,-0.09863823652267456,-0.00036194735628214403,K
0.0,0.0,0.0,0.04279744625091553,-0.050347208976745605,-0.12033691333402885,0.12007442116737366,-0.110043466091156,-0.12078449951280845,0.17064490914344788,-0.15435948967933655,-0.08963958995212806,0.1749190390110016,-0.18216562271118164,-0.05366404430736793,0.25999191403388977,-0.10188966989517212,-0.056039728985922466,0.2972247898578644,-0.18642330169677734,-0.07520993875135673,0.31548163294792175,-0.2451743185520172,-0.09502235876192344,0.3292749226093292,-0.2866092920303345,-0.1075230322944094,0.21981707215309143,-0.10255220532417297,0.009653058072728982,0.1402662694454193,-0.17596259713172913,-0.025919805111186633,0.04121127724647522,-0.19859781861305237,-0.05812455044855369,-0.025806456804275513,-0.2005251944065094,-0.06705328153242363,0.16887792944908142,-0.10366198420524597,0.06440479977260338,0.07935646176338196,-0.16283497214317322,0.010138734413487782,-0.005592077970504761,-0.1582222282886505,-0.03618700878490699,-0.04217526316642761,-0.14272341132164001,-0.04652377666701568,0.12212440371513367,-0.09965428709983826,0.1120310865176748,0.04407426714897156,-0.14312824606895447,0.05675341485272156,-0.015726149082183838,-0.13471072912216187,0.02429426571558224,-0.0449577271938324,-0.11656725406646729,0.02035556843708264,K
0.0,0.0,0.0,0.043377697467803955,-0.03907862305641174,-0.12137380432852751,0.11212760210037231,-0.0981985330581665,-0.12727917921313292,0.15478479862213135,-0.14733174443244934,-0.10355042111643797,0.1515452265739441,-0.1813185214996338,-0.07334889662035948,0.23547357320785522,-0.10370048880577087,-0.051258428064670625,0.2668105363845825,-0.18170639872550964,-0.07617785227068907,0.2838529348373413,-0.23459720611572266,-0.09733902853497511,0.29686278104782104,-0.2737242877483368,-0.11002549719580657,0.19133096933364868,-0.10781469941139221,0.008915833155128894,0.12186723947525024,-0.17480361461639404,-0.036412546453561845,0.03246292471885681,-0.18206661939620972,-0.06768328886994368,-0.024572521448135376,-0.17406651377677917,-0.07241802108057982,0.13941901922225952,-0.11043646931648254,0.05627937796941751,0.06674325466156006,-0.16409623622894287,-0.0052244072272742414,-0.0038921236991882324,-0.15389704704284668,-0.04510138001808173,-0.02905943989753723,-0.1377485692501068,-0.048618877348985734,0.0926561951637268,-0.1064332127571106,0.09574429500332826,0.03216058015823364,-0.14681726694107056,0.039745865347299514,-0.01381462812423706,-0.1356779932975769,0.01232906333586925,-0.03281041979789734,-0.11758118867874146,0.01186669893047565,K
0.0,0.0,0.0,0.037653446197509766,-0.04942810535430908,-0.1259519311683448,0.10333120822906494,-0.11255988478660583,-0.12370668380430061,0.1417585015296936,-0.1604725420475006,-0.08978502481153328,0.13995182514190674,-0.1916092038154602,-0.04777802555730659,0.22215986251831055,-0.11496409773826599,-0.05040416150262672,0.24789279699325562,-0.19519218802452087,-0.07261439441612083,0.262839138507843,-0.24938946962356567,-0.09037258504798729,0.2749965190887451,-0.2900591492652893,-0.09991261391809303,0.17356330156326294,-0.11772456765174866,0.013792850720676597,0.0973961353302002,-0.18089640140533447,-0.032728366841581646,0.006268113851547241,-0.18703705072402954,-0.06525369762351829,-0.05934759974479675,-0.17942792177200317,-0.0678704458372863,0.12053829431533813,-0.11913439631462097,0.06456033111641091,0.031005263328552246,-0.16536712646484375,-0.0012608329383851924,-0.045617491006851196,-0.14368999004364014,-0.04762270702889282,-0.07634437084197998,-0.12194809317588806,-0.051837727715280835,0.07390809059143066,-0.11483684182167053,0.1073038500649659,-0.002800881862640381,-0.14921993017196655,0.04343414650389832,-0.05625203251838684,-0.13643726706504822,0.008223468149992641,-0.08173096179962158,-0.12103942036628723,0.004798223908039745,K
0.0,0.0,0.0,0.038956403732299805,-0.04229849576950073,-0.12320803116449497,0.0977177619934082,-0.10709720849990845,-0.12924547504076145,0.12813258171081543,-0.16093549132347107,-0.10670553158411167,0.11409473419189453,-0.19740772247314453,-0.0791091025937476,0.2205674648284912,-0.12172973155975342,-0.04797977219709537,0.2361045479774475,-0.20422589778900146,-0.07413119088300846,0.2400810718536377,-0.2593420445919037,-0.09765259932169101,0.24187231063842773,-0.29798322916030884,-0.11026131372341297,0.1748712658882141,-0.12438523769378662,0.010417790045949005,0.08878833055496216,-0.18791937828063965,-0.03306062530168674,-0.006107538938522339,-0.195614755153656,-0.0670546368826308,-0.06998008489608765,-0.18944770097732544,-0.0726703778971114,0.11915731430053711,-0.12348288297653198,0.055484782798203014,0.02417212724685669,-0.16896486282348633,-0.009478600801912762,-0.05071219801902771,-0.14600569009780884,-0.054756291316834904,-0.07674893736839294,-0.12190753221511841,-0.05964535857924602,0.06882238388061523,-0.11606842279434204,0.09282566596380093,0.0014781355857849121,-0.150039941072464,0.03101204697600224,-0.04634654521942139,-0.1311250925064087,0.0012684097848705278,-0.06658196449279785,-0.10744482278823853,0.001240296183141254,K
0.0,0.0,0.0,0.013920485973358154,-0.04338449239730835,-0.13775441952554957,0.06546413898468018,-0.10649091005325317,-0.14966496237127558,0.10161405801773071,-0.15861743688583374,-0.13053009816019312,0.10405361652374268,-0.19631534814834595,-0.10688910790292994,0.19038015604019165,-0.12414193153381348,-0.07214107521383539,0.19669604301452637,-0.2060096263885498,-0.1031050250729777,0.2025431990623474,-0.26085561513900757,-0.1269249261221148,0.21270012855529785,-0.30148881673812866,-0.14038165815679804,0.14885741472244263,-0.12414085865020752,-0.0074846797486998184,0.05819147825241089,-0.18787673115730286,-0.06106111936776415,-0.03857141733169556,-0.19835197925567627,-0.09554928698150889,-0.10434463620185852,-0.19625449180603027,-0.09971386351196543,0.0995633602142334,-0.12163448333740234,0.04361494846136793,-0.004480481147766113,-0.16283482313156128,-0.029323816006467496,-0.07801419496536255,-0.13298416137695312,-0.0718273983201243,-0.09544330835342407,-0.10650032758712769,-0.0734356433948733,0.05834674835205078,-0.11302381753921509,0.08610947273166403,-0.02468961477279663,-0.14206498861312866,0.01701071887703165,-0.07263219356536865,-0.11814379692077637,-0.013057759670004998,-0.08324700593948364,-0.09290701150894165,-0.011616465342626725,K
0.0,0.0,0.0,0.029949218034744263,-0.040716350078582764,-0.13247132701877717,0.08080574870109558,-0.10515540838241577,-0.14547495944503908,0.10180404782295227,-0.15916115045547485,-0.12811302049163942,0.0882539451122284,-0.19668245315551758,-0.10439856005910997,0.20549467206001282,-0.128085196018219,-0.060962897074261946,0.20435991883277893,-0.21274718642234802,-0.09539042068723802,0.2013694941997528,-0.2677172124385834,-0.12079825652841691,0.20383760333061218,-0.30688363313674927,-0.13360277218822603,0.1635231077671051,-0.1272466778755188,0.0011461044886686977,0.06754794716835022,-0.18709635734558105,-0.05436287848357324,-0.02806246280670166,-0.17757368087768555,-0.08645953638557557,-0.08092468976974487,-0.16088604927062988,-0.08704822911028032,0.11323598027229309,-0.12496215105056763,0.04907766701575156,0.009570151567459106,-0.1701061725616455,-0.025354745146671576,-0.06756097078323364,-0.1418215036392212,-0.06503773881200914,-0.0859103798866272,-0.11694753170013428,-0.06328417761329774,0.06930592656135559,-0.11745405197143555,0.08881433652635451,-0.00957942008972168,-0.15324103832244873,0.02188691282566424,-0.061584651470184326,-0.1316266655921936,-0.0047169619247711125,-0.07700720429420471,-0.10668694972991943,-0.0004181346048994783,K
0.0,0.0,0.0,0.03022921085357666,-0.03887289762496948,-0.13661167456450585,0.08560538291931152,-0.1026228666305542,-0.1519010855132592,0.11831367015838623,-0.1568426489830017,-0.13758115901293877,0.11014539003372192,-0.19621658325195312,-0.11791060550751808,0.21275818347930908,-0.12513530254364014,-0.06460791512074593,0.2179853320121765,-0.20957288146018982,-0.09866921289506081,0.2205566167831421,-0.2645174264907837,-0.12529102398696068,0.22432690858840942,-0.30365079641342163,-0.14016308321299675,0.1647939682006836,-0.12699049711227417,-0.0034586588168394883,0.07153433561325073,-0.18649768829345703,-0.06279297603907708,-0.027656763792037964,-0.1877869963645935,-0.09987836762013558,-0.09306618571281433,-0.17780697345733643,-0.10360298736634377,0.10876762866973877,-0.12541353702545166,0.04326702968535301,0.012085795402526855,-0.16588419675827026,-0.03634828014912728,-0.06302735209465027,-0.1395288109779358,-0.08128564490618828,-0.08773085474967957,-0.11404210329055786,-0.08212537749352578,0.061107635498046875,-0.11679267883300781,0.08143377618250724,-0.013806194067001343,-0.1472209095954895,0.007490884394769637,-0.06248891353607178,-0.12619102001190186,-0.024706027122761043,-0.0788525640964508,-0.10157102346420288,-0.023531562300945552,K
0.0,0.0,0.0,0.026365846395492554,-0.04169338941574097,-0.14114672776241832,0.07976272702217102,-0.10397672653198242,-0.15854536827583843,0.11521050333976746,-0.15723705291748047,-0.14654737051506572,0.10916087031364441,-0.19569438695907593,-0.12889162536640697,0.21177026629447937,-0.12571418285369873,-0.056475994101958804,0.21823981404304504,-0.2096097469329834,-0.08997456815023952,0.21986809372901917,-0.26437991857528687,-0.11602820541639858,0.2209204137325287,-0.30269354581832886,-0.1289831333972984,0.1672523319721222,-0.12554478645324707,0.007684237864566512,0.07606092095375061,-0.18722039461135864,-0.05235603164811664,-0.022660136222839355,-0.183882474899292,-0.09046608295221858,-0.08668792247772217,-0.16890275478363037,-0.09277856435556942,0.11479738354682922,-0.12316858768463135,0.05626685831765599,0.01790592074394226,-0.16662615537643433,-0.023717653862433963,-0.06025776267051697,-0.1410793662071228,-0.06953903373261028,-0.08700475096702576,-0.11533111333847046,-0.06925049509783321,0.06913933157920837,-0.11568814516067505,0.09592857126216359,0.00023409724235534668,-0.14875394105911255,0.025224604719085164,-0.05077973008155823,-0.12879765033721924,-0.005270239821868472,-0.07070687413215637,-0.10378867387771606,-0.0023528457798533964,K
0.0,0.0,0.0,0.03546208143234253,-0.03769850730895996,-0.13655025005454036,0.09044966101646423,-0.10130882263183594,-0.14986229181403132,0.12259390950202942,-0.15616559982299805,-0.13312699139231654,0.11277607083320618,-0.1949756145477295,-0.11174886912220927,0.21730086207389832,-0.12566238641738892,-0.0655347728740594,0.22169771790504456,-0.20853346586227417,-0.0969264605652711,0.22340360283851624,-0.2636776268482208,-0.12325090408438655,0.22693589329719543,-0.3024752140045166,-0.138005303741636,0.17215320467948914,-0.12741929292678833,-0.0034789571643045747,0.07535424828529358,-0.18645799160003662,-0.05595496535414668,-0.022810250520706177,-0.19318097829818726,-0.09261699259394618,-0.08870849013328552,-0.186248779296875,-0.09802203118914576,0.11624661087989807,-0.12495243549346924,0.0444002053130248,0.016591042280197144,-0.1638573408126831,-0.0312729837011716,-0.060314297676086426,-0.1383398175239563,-0.0802953565132043,-0.08793944120407104,-0.11173611879348755,-0.08481563121193858,0.06722858548164368,-0.11590844392776489,0.08381557226067571,-0.006909668445587158,-0.14548635482788086,0.010867108068225662,-0.054986655712127686,-0.12554395198822021,-0.024006581456603726,-0.07260650396347046,-0.10047239065170288,-0.025073711351694783,K
0.0,0.0,0.0,0.028018325567245483,-0.04258120059967041,-0.13977766766635114,0.08059826493263245,-0.1080479621887207,-0.1505739314803236,0.11513617634773254,-0.16220861673355103,-0.13082485630599194,0.12207779288291931,-0.20320823788642883,-0.10696540012446576,0.20398113131523132,-0.13399213552474976,-0.0642559601315611,0.21482625603675842,-0.21560564637184143,-0.09164423480120831,0.2236277163028717,-0.2678510546684265,-0.11387499406424695,0.23456409573554993,-0.3070871829986572,-0.12620308234778577,0.15511897206306458,-0.13431674242019653,0.0009981656125432892,0.058529436588287354,-0.19279378652572632,-0.05694273098794156,-0.05128604173660278,-0.19745367765426636,-0.09735743686047726,-0.13179752230644226,-0.18977028131484985,-0.10268057867375546,0.09938719868659973,-0.13105452060699463,0.052034873669470016,-0.001035064458847046,-0.1660735011100769,-0.027315351957952316,-0.08115306496620178,-0.1380559802055359,-0.07942114009944135,-0.11201474070549011,-0.11204135417938232,-0.08438605799761945,0.05145862698554993,-0.12158876657485962,0.09482812151821918,-0.03144994378089905,-0.14650321006774902,0.02007979169997043,-0.08161702752113342,-0.12399017810821533,-0.01685611888257199,-0.09829959273338318,-0.0993802547454834,-0.01838616452602082,K
0.0,0.0,0.0,0.013620138168334961,-0.04271000623703003,-0.13673966441183438,0.06388306617736816,-0.10454851388931274,-0.1456393829348599,0.10076528787612915,-0.15524572134017944,-0.12283992830543866,0.11533606052398682,-0.19476249814033508,-0.09656414452820172,0.1913667917251587,-0.12912362813949585,-0.06734775815039029,0.20210319757461548,-0.20855677127838135,-0.08808373723059049,0.2128279209136963,-0.2604305148124695,-0.10594877663879743,0.22624444961547852,-0.29922500252723694,-0.1167496374609982,0.149466872215271,-0.12844616174697876,-0.0006252498051253497,0.052471041679382324,-0.189508318901062,-0.05073268402247777,-0.052844494581222534,-0.1985018253326416,-0.08902067754297605,-0.13036596775054932,-0.19312167167663574,-0.09582656685142865,0.1005861759185791,-0.12543827295303345,0.05329892348618159,-0.004084110260009766,-0.16367435455322266,-0.01844617973893037,-0.08366969227790833,-0.14087748527526855,-0.070186101532272,-0.11375099420547485,-0.11823529005050659,-0.0781613669159924,0.05966430902481079,-0.11696445941925049,0.09932719107837329,-0.02476799488067627,-0.14123064279556274,0.02969353582830081,-0.07307180762290955,-0.12019175291061401,-0.007427331226608658,-0.09007912874221802,-0.09730994701385498,-0.011213940269044542,K
0.0,0.0,0.0,0.01850074529647827,-0.042047977447509766,-0.1356770207119098,0.0697205662727356,-0.10386604070663452,-0.14484788076401856,0.10555911064147949,-0.15454065799713135,-0.12218913779975082,0.11450213193893433,-0.1923106610774994,-0.09549288795710709,0.1941658854484558,-0.12897276878356934,-0.07095951185942795,0.20787352323532104,-0.20856988430023193,-0.096349026722919,0.2202964425086975,-0.25986018776893616,-0.11691332952500488,0.23579758405685425,-0.2986675202846527,-0.12936487392903473,0.15156733989715576,-0.12854570150375366,-0.006106194289486666,0.0551607608795166,-0.18873155117034912,-0.0601564046871772,-0.05414155125617981,-0.19435879588127136,-0.09759132908106949,-0.132872074842453,-0.18652060627937317,-0.10293927387715485,0.10195964574813843,-0.1261236071586609,0.04576758323787544,0.0006234049797058105,-0.16407185792922974,-0.02780118183613922,-0.0804794430732727,-0.13954347372055054,-0.07619609282733109,-0.10993507504463196,-0.11568695306777954,-0.08145392285109665,0.05984562635421753,-0.1172865629196167,0.0895492698120961,-0.024779140949249268,-0.141765296459198,0.020272851275194625,-0.07255905866622925,-0.1189889907836914,-0.014473092457365055,-0.08759602904319763,-0.09457463026046753,-0.016468373773705025,K
0.0,0.0,0.0,0.01338106393814087,-0.04673147201538086,-0.13398844862553005,0.06428366899490356,-0.11115610599517822,-0.13978778684708004,0.10528033971786499,-0.162320077419281,-0.11493547374578839,0.11796653270721436,-0.20092755556106567,-0.0861183788833273,0.19645994901657104,-0.1322711706161499,-0.05695651585432415,0.20849913358688354,-0.21194851398468018,-0.07888636106821423,0.2200949788093567,-0.2640722692012787,-0.09892714137407665,0.23398703336715698,-0.3035985231399536,-0.1106363397297514,0.15503013134002686,-0.12965035438537598,0.007879568988357732,0.06580615043640137,-0.1917884349822998,-0.037525338327611735,-0.03568762540817261,-0.2037431299686432,-0.07496748978468304,-0.10940602421760559,-0.20100492238998413,-0.08243806028934841,0.10534512996673584,-0.12547504901885986,0.059102884286915014,0.003054976463317871,-0.16742509603500366,-0.009038859253848841,-0.07674095034599304,-0.14410674571990967,-0.05874771738621121,-0.10435488820075989,-0.1199110746383667,-0.06580198670002346,0.06236690282821655,-0.1156875491142273,0.10218640303043003,-0.018664777278900146,-0.14594966173171997,0.036957221830164144,-0.06560981273651123,-0.12457185983657837,0.0034490458461391427,-0.08021631836891174,-0.099162757396698,0.001803647170675049,K
0.0,0.0,0.0,0.009529978036880493,-0.04350781440734863,-0.14030371228534477,0.07038617134094238,-0.10561007261276245,-0.15493747214156883,0.12028664350509644,-0.15795743465423584,-0.13739131013232964,0.1259920597076416,-0.19598758220672607,-0.11541491369086998,0.20145785808563232,-0.12140169739723206,-0.07207932690459984,0.22075217962265015,-0.19965189695358276,-0.09799553076106804,0.23729705810546875,-0.25262174010276794,-0.11648998031694191,0.2525023818016052,-0.2928283214569092,-0.1278672180541207,0.16700822114944458,-0.12341740727424622,-0.005413648153876238,0.08143496513366699,-0.1883837878704071,-0.05828338856179016,-0.018159061670303345,-0.20199859142303467,-0.09098733583766716,-0.09088239073753357,-0.19983786344528198,-0.0943703315623452,0.1179777979850769,-0.12289905548095703,0.047684963845426864,0.02389216423034668,-0.17018917202949524,-0.025295738077943497,-0.054334431886672974,-0.156978040933609,-0.0675272158749749,-0.08727213740348816,-0.140444815158844,-0.06940690050203102,0.07266604900360107,-0.11651450395584106,0.09210355957668526,-0.004906713962554932,-0.1512608528137207,0.025236714684183426,-0.057540059089660645,-0.14098671078681946,-0.005685816000436716,-0.08286970853805542,-0.12668690085411072,-0.0061464169465352825,K
0.0,0.0,0.0,0.02138727903366089,-0.03932872414588928,-0.13598694046612536,0.09142562747001648,-0.09839802980422974,-0.15226063271637713,0.15161994099617004,-0.14835384488105774,-0.1357659562456206,0.17000219225883484,-0.18635547161102295,-0.11438470473166262,0.22320851683616638,-0.10779529809951782,-0.08438905467863833,0.26507768034935,-0.18447530269622803,-0.11446845670815264,0.29247990250587463,-0.23623061180114746,-0.13489629467602526,0.31347933411598206,-0.27588027715682983,-0.1480812742340163,0.19017323851585388,-0.11449271440505981,-0.020021194122989527,0.11288318037986755,-0.18275028467178345,-0.07390236993904864,0.012161701917648315,-0.1991877555847168,-0.10478495200749194,-0.06076502799987793,-0.19910413026809692,-0.10882139345284259,0.14252439141273499,-0.11955228447914124,0.03190465877179349,0.060669511556625366,-0.17115333676338196,-0.03931277012105738,-0.017446368932724,-0.16578269004821777,-0.07858092477198397,-0.0523553192615509,-0.15574827790260315,-0.0814347430097655,0.09527483582496643,-0.11765474081039429,0.07552237669352735,0.017174452543258667,-0.1528395712375641,0.007915380879978784,-0.03287714719772339,-0.14330196380615234,-0.02360092056568419,-0.054587215185165405,-0.13068914413452148,-0.02572342147703921,K
0.0,0.0,0.0,0.044330716133117676,-0.053123682737350464,-0.12095585827603372,0.1165229082107544,-0.1112874448299408,-0.11175505434050592,0.1689908504486084,-0.1543000340461731,-0.06841829036250147,0.1858094334602356,-0.18163199722766876,-0.017429999903583848,0.2521244287490845,-0.10237172245979309,-0.0435359625972751,0.29638320207595825,-0.1748577058315277,-0.05589837570562395,0.32615840435028076,-0.22825004160404205,-0.06854697679057153,0.3506215810775757,-0.2659792900085449,-0.07594350342526468,0.20782136917114258,-0.10019037127494812,0.028411246939754164,0.14229530096054077,-0.17759981751441956,0.0018589300906342032,0.043147146701812744,-0.20227903127670288,-0.02305804555192026,-0.030196577310562134,-0.20404449105262756,-0.026453349635744416,0.15810894966125488,-0.09990105032920837,0.08754645670876471,0.08819562196731567,-0.16001063585281372,0.03841079781875578,0.007545828819274902,-0.1564604640007019,-0.009286760248983228,-0.029232323169708252,-0.1409006416797638,-0.020231891319895112,0.11267215013504028,-0.09522607922554016,0.13953135545477835,0.040636539459228516,-0.1374748945236206,0.08578242744431464,-0.013948172330856323,-0.13205447793006897,0.04690670977458922,-0.04062262177467346,-0.11736711859703064,0.037752289428567565,K
0.0,0.0,0.0,0.04008281230926514,-0.050224125385284424,-0.11759981380492945,0.11065846681594849,-0.1062333881855011,-0.10969377176553508,0.16451817750930786,-0.14953887462615967,-0.07118360565692683,0.18865841627120972,-0.18002530932426453,-0.026802165971105296,0.2517692446708679,-0.09354275465011597,-0.03467046709448596,0.2893916368484497,-0.16763868927955627,-0.040592751071756084,0.3221610188484192,-0.21976469457149506,-0.04764975847393771,0.3527580499649048,-0.2570381462574005,-0.05268074812084933,0.2057628035545349,-0.09262913465499878,0.03150881586878995,0.13946914672851562,-0.16747955977916718,-0.0028267040168543645,0.04466778039932251,-0.18595412373542786,-0.03401896597534915,-0.033452004194259644,-0.18447741866111755,-0.0370672071138074,0.15375030040740967,-0.09315571188926697,0.08629470451086263,0.07975387573242188,-0.14700165390968323,0.02764042785673837,4.1604042053222656e-05,-0.12862980365753174,-0.024094950945084292,-0.03423202037811279,-0.10610774159431458,-0.0336780497589757,0.10891526937484741,-0.09047994017601013,0.13522668315380315,0.031262993812561035,-0.1277793049812317,0.07018298043220739,-0.02294909954071045,-0.11171287298202515,0.027778542994553845,-0.04141375422477722,-0.0890606939792633,0.019606276809270184,K
0.0,0.0,0.0,0.04107540845870972,-0.049606502056121826,-0.13280837870581763,0.11051130294799805,-0.10417449474334717,-0.1321184102390589,0.15929961204528809,-0.14938300848007202,-0.09385264552577155,0.1731334924697876,-0.18106228113174438,-0.047028253594476155,0.2491099238395691,-0.09848448634147644,-0.05435996017797606,0.2810556888580322,-0.17035919427871704,-0.07262436933262961,0.30572694540023804,-0.22248007357120514,-0.09013280905230658,0.32888132333755493,-0.25880202651023865,-0.09986681378825324,0.21355551481246948,-0.09512859582901001,0.02501026653305871,0.1457616686820984,-0.17297756671905518,-0.007490013534265927,0.04774928092956543,-0.18773680925369263,-0.03277950621588843,-0.0156896710395813,-0.18118172883987427,-0.034829332301455906,0.17171311378479004,-0.09614995121955872,0.09069972597615106,0.10347986221313477,-0.16189637780189514,0.03813716509000642,0.020520895719528198,-0.1610144078731537,-0.004273233743447236,-0.012663394212722778,-0.14636188745498657,-0.010410111205715111,0.13441002368927002,-0.09469974040985107,0.1482853379155813,0.06874728202819824,-0.13909035921096802,0.0959537338520704,0.014439523220062256,-0.1339300274848938,0.061405205359619686,-0.00954851508140564,-0.11807259917259216,0.055638932814758846,K
0.0,0.0,0.0,0.04054075479507446,-0.04630979895591736,-0.12588364276774655,0.09957289695739746,-0.10553279519081116,-0.12841369602568875,0.13721752166748047,-0.1530531644821167,-0.0987798089135481,0.14457851648330688,-0.18430733680725098,-0.06127680111416112,0.22219157218933105,-0.10299766063690186,-0.05173510703929196,0.24747633934020996,-0.17598247528076172,-0.07528746518977414,0.2689070701599121,-0.22929733991622925,-0.09698268417008649,0.2884392738342285,-0.2693101763725281,-0.11063836905844937,0.17704260349273682,-0.10642552375793457,0.014879518936197655,0.10368746519088745,-0.1761234700679779,-0.0273462591666771,0.013869762420654297,-0.186591237783432,-0.06012881565578709,-0.04571762681007385,-0.18055224418640137,-0.06639491412528287,0.1278904676437378,-0.10928228497505188,0.06839292850605716,0.053267478942871094,-0.16369903087615967,0.010135759415845769,-0.019345015287399292,-0.1491401493549347,-0.03159804288037549,-0.043195247650146484,-0.12933099269866943,-0.036715094183762176,0.08443212509155273,-0.10680380463600159,0.11362167056910266,0.016849279403686523,-0.14144739508628845,0.06016587075106372,-0.02729511260986328,-0.12632963061332703,0.02951857056729068,-0.038252800703048706,-0.10516080260276794,0.026357961634914773,K
0.0,0.0,0.0,0.045922428369522095,-0.05033761262893677,-0.11885569884611868,0.10897210240364075,-0.11624637246131897,-0.11497718735768103,0.14604660868644714,-0.16673874855041504,-0.08163647248579764,0.1338752806186676,-0.1985853910446167,-0.04246869205667281,0.22846665978431702,-0.1221666932106018,-0.036174713514583345,0.2544613778591156,-0.20130619406700134,-0.052109780601995226,0.266802042722702,-0.2530417740345001,-0.06839569552971625,0.2805229723453522,-0.2903054356575012,-0.0776213397009542,0.1816648542881012,-0.12344244122505188,0.025391035832626585,0.09488961100578308,-0.18739819526672363,-0.011920024521486994,-0.00524061918258667,-0.19671839475631714,-0.044835722885864016,-0.07334944605827332,-0.1889706254005432,-0.05070400132967734,0.12656429409980774,-0.1230095624923706,0.07385138527320123,0.03473174571990967,-0.16877514123916626,0.014275373079044584,-0.04284864664077759,-0.15076464414596558,-0.03664983331395888,-0.07485345005989075,-0.12854480743408203,-0.04607350646688246,0.07567378878593445,-0.11628136038780212,0.11504594341681695,0.0022049248218536377,-0.15043163299560547,0.05664716766045785,-0.049730151891708374,-0.13816726207733154,0.020727853410107855,-0.07590779662132263,-0.12036985158920288,0.01555400912479854,K
0.0,0.0,0.0,0.05096536874771118,-0.04106014966964722,-0.11894075675422755,0.11126893758773804,-0.10331827402114868,-0.12433113260681239,0.13929396867752075,-0.15723851323127747,-0.10220814599210826,0.12708914279937744,-0.19218283891677856,-0.07434757901842204,0.22762084007263184,-0.11395615339279175,-0.034224190847226055,0.2450823187828064,-0.19372069835662842,-0.05662706597263423,0.24946719408035278,-0.24771282076835632,-0.0783878724139413,0.25249427556991577,-0.28582388162612915,-0.0910126949709138,0.1815698742866516,-0.11777734756469727,0.024540704577020733,0.10724103450775146,-0.17983391880989075,-0.01630805721993056,0.015556395053863525,-0.1869058907032013,-0.05038904501611796,-0.041417092084884644,-0.17808425426483154,-0.057936010048933895,0.12759292125701904,-0.11885508894920349,0.06922612981384191,0.053853631019592285,-0.16892433166503906,0.007960206731013386,-0.019920170307159424,-0.16467857360839844,-0.04154507918769923,-0.052906543016433716,-0.15258127450942993,-0.05155607415849772,0.07456523180007935,-0.114235520362854,0.10625447229926976,0.018633216619491577,-0.15081438422203064,0.04812263221924695,-0.032801032066345215,-0.14560818672180176,0.01360608255004081,-0.06356638669967651,-0.13292768597602844,0.007381766005210011,K
0.0,0.0,0.0,0.03348860144615173,-0.04729104042053223,-0.12817874105940064,0.08348748087882996,-0.11402928829193115,-0.12826546581754883,0.11005869507789612,-0.16940540075302124,-0.09679262640247543,0.09066924452781677,-0.2051844298839569,-0.06016052814493378,0.195230633020401,-0.13780105113983154,-0.04499258401165207,0.19729319214820862,-0.21931195259094238,-0.060136798045732576,0.19747993350028992,-0.27046236395835876,-0.07568319442043503,0.20520314574241638,-0.3075234591960907,-0.08432130815754135,0.1504729688167572,-0.13642579317092896,0.021209426947734755,0.04981958866119385,-0.19366541504859924,-0.015721033535101014,-0.05147567391395569,-0.19742077589035034,-0.0487195320642968,-0.11874827742576599,-0.18786951899528503,-0.05414188208351334,0.09805366396903992,-0.13297396898269653,0.07401256708135406,-0.005941659212112427,-0.17212146520614624,0.011532364205322665,-0.08278834819793701,-0.1495165228843689,-0.040657843670942384,-0.11079144477844238,-0.12529385089874268,-0.049906849137641984,0.05216771364212036,-0.1243131160736084,0.1193131699942569,-0.029007285833358765,-0.1546154022216797,0.05746342686643402,-0.08031490445137024,-0.13710826635360718,0.021059254907868308,-0.10146734118461609,-0.11473017930984497,0.016472997867367667,K
0.0,0.0,0.0,0.01907476782798767,-0.041281282901763916,-0.147576220245071,0.058930814266204834,-0.10719919204711914,-0.16074364623517567,0.08386456966400146,-0.16160452365875244,-0.13955628118009145,0.07203996181488037,-0.20013868808746338,-0.11307187369556004,0.1796168088912964,-0.13505792617797852,-0.07935983678788716,0.17158478498458862,-0.21679186820983887,-0.11178740105123097,0.16831934452056885,-0.27057206630706787,-0.13600971540898854,0.17413806915283203,-0.31047654151916504,-0.1487179323145824,0.1347072720527649,-0.1345536708831787,-0.007060437840380018,0.026455670595169067,-0.18950992822647095,-0.0633879005023914,-0.07794705033302307,-0.18917745351791382,-0.09885566672772939,-0.14622631669044495,-0.17590773105621338,-0.10183919957370335,0.08338332176208496,-0.13109129667282104,0.05079694473653262,-0.025989949703216553,-0.1654101014137268,-0.025498548434086388,-0.10037636756896973,-0.13451093435287476,-0.07231446346730763,-0.11904323101043701,-0.10500967502593994,-0.07465609154195363,0.0404791533946991,-0.1229860782623291,0.09943288573532527,-0.04659295082092285,-0.14648562669754028,0.02788999499290412,-0.09410658478736877,-0.12390327453613281,-0.007513933726556843,-0.1031181812286377,-0.09855437278747559,-0.008691820227511471,K
0.0,0.0,0.0,0.014227896928787231,-0.046167850494384766,-0.13044782566146296,0.054500311613082886,-0.11419105529785156,-0.13722739206866663,0.080039381980896,-0.16974401473999023,-0.114458924403948,0.07341662049293518,-0.20949304103851318,-0.08762004064635676,0.17516428232192993,-0.1426263451576233,-0.04991845252231997,0.16678273677825928,-0.22441479563713074,-0.06928208308534067,0.16151142120361328,-0.27593037486076355,-0.08716018336133402,0.1621561050415039,-0.3135605454444885,-0.09661063390092295,0.13371169567108154,-0.1399308443069458,0.014071959757643526,0.026560485363006592,-0.19211870431900024,-0.0341008140356962,-0.07519176602363586,-0.18768727779388428,-0.06975032227353495,-0.14490890502929688,-0.17243826389312744,-0.07326797234134119,0.08348223567008972,-0.13471591472625732,0.06487134260817129,-0.024001002311706543,-0.16960567235946655,-0.005898515007061178,-0.09631901979446411,-0.1427227258682251,-0.05532400520758074,-0.12287276983261108,-0.1172785758972168,-0.05994366320089739,0.04163545370101929,-0.12493211030960083,0.10817402763052542,-0.03865551948547363,-0.15235793590545654,0.040842154750066584,-0.08694863319396973,-0.13248562812805176,0.007006660790580099,-0.106302410364151,-0.10977685451507568,0.006520592363017386,K
0.0,0.0,0.0,0.014441967010498047,-0.048481523990631104,-0.13463637200362655,0.05371919274330139,-0.11710995435714722,-0.1411597576475856,0.07852736115455627,-0.1715223789215088,-0.11748982933528396,0.07006436586380005,-0.20789575576782227,-0.0895915624237773,0.1691167950630188,-0.14293384552001953,-0.05694757742054435,0.16090452671051025,-0.2237616777420044,-0.07687135008342239,0.15702766180038452,-0.27408522367477417,-0.0940076631046054,0.1618187427520752,-0.3112848997116089,-0.10326990452773543,0.12200355529785156,-0.13929510116577148,0.00909406537942914,0.009922683238983154,-0.19283956289291382,-0.04171377760536643,-0.0944659411907196,-0.1897062063217163,-0.07837299225099059,-0.16631245613098145,-0.1743147373199463,-0.08272813973195525,0.06876331567764282,-0.13302326202392578,0.06158322873346833,-0.04516461491584778,-0.1661643385887146,-0.012000294078063689,-0.11863794922828674,-0.1362839937210083,-0.06465183166034194,-0.144174724817276,-0.10844409465789795,-0.07129335371024581,0.024457186460494995,-0.12220275402069092,0.10627256366245774,-0.06173849105834961,-0.1442885398864746,0.03667568075292138,-0.10798379778862,-0.12284409999847412,-0.0014740635193106755,-0.12316581606864929,-0.09936529397964478,-0.005469618506651841,K
0.0,0.0,0.0,0.013959527015686035,-0.04912477731704712,-0.11931155015975037,0.05430606007575989,-0.11707049608230591,-0.12136067589074173,0.08161523938179016,-0.17008399963378906,-0.09792019565850296,0.0690312385559082,-0.20495659112930298,-0.07099098106175461,0.16793149709701538,-0.14106065034866333,-0.04774309833794632,0.1564294695854187,-0.22041654586791992,-0.06602178653031388,0.1550348401069641,-0.2695649266242981,-0.08049932261258164,0.16170620918273926,-0.30784064531326294,-0.0888953744366745,0.1166212260723114,-0.13901078701019287,0.007148753858359669,0.007489681243896484,-0.1926431655883789,-0.04333975677639046,-0.0943128764629364,-0.19754695892333984,-0.08032796670943299,-0.17137199640274048,-0.18852537870407104,-0.08514624973088303,0.059249311685562134,-0.13318973779678345,0.05027042935341797,-0.04951834678649902,-0.15725946426391602,-0.025292710860071566,-0.11154475808143616,-0.12257421016693115,-0.07690096785574951,-0.13274890184402466,-0.09293287992477417,-0.08235850324183502,0.009748995304107666,-0.1226494312286377,0.08672647039145431,-0.07697966694831848,-0.13505572080612183,0.013099060866238688,-0.11300721764564514,-0.10770237445831299,-0.02481931028216877,-0.12134730815887451,-0.08285266160964966,-0.02773243886679211,K
0.0,0.0,0.0,0.012033164501190186,-0.053238868713378906,-0.11749556161009878,0.05369800329208374,-0.12036669254302979,-0.11637188739621251,0.08087098598480225,-0.1726500391960144,-0.08871153987490743,0.06695452332496643,-0.20643717050552368,-0.0572690578504762,0.16863107681274414,-0.14271199703216553,-0.04241634778225034,0.1579909324645996,-0.2221430540084839,-0.06079084671580404,0.15485984086990356,-0.2723945379257202,-0.07638768352114766,0.15826231241226196,-0.3102961480617523,-0.08490734792792409,0.11894837021827698,-0.13909977674484253,0.014420749959413115,0.01129963994026184,-0.19614404439926147,-0.03373503557884305,-0.09325456619262695,-0.1997784972190857,-0.06965811796032995,-0.17158982157707214,-0.18866002559661865,-0.07358304656588643,0.06400048732757568,-0.13179117441177368,0.05918865032947451,-0.04594147205352783,-0.161504328250885,-0.014184761452611383,-0.11287713050842285,-0.12852126359939575,-0.0663836399420461,-0.13581693172454834,-0.09897881746292114,-0.07236053294980138,0.01833045482635498,-0.11959850788116455,0.09757078193581492,-0.07190340757369995,-0.13610756397247314,0.024878462185029093,-0.1125105619430542,-0.11028355360031128,-0.014469488184090551,-0.12271371483802795,-0.08503615856170654,-0.018402416850562986,K
0.0,0.0,0.0,0.08133235573768616,-0.005429327487945557,-0.05397622301275362,0.19184157252311707,-0.0508231520652771,-0.09040801613623728,0.28961309790611267,-0.07721933722496033,-0.12322634845072855,0.3689359128475189,-0.08326524496078491,-0.15582006811196436,0.14694365859031677,-0.15199443697929382,-0.06969200461203684,0.164147287607193,-0.23940488696098328,-0.1202091017275535,0.17194578051567078,-0.29987847805023193,-0.1549548321872436,0.17466625571250916,-0.34753498435020447,-0.18077140687996973,0.08050772547721863,-0.16237226128578186,-0.0696770885496818,0.07930436730384827,-0.17466947436332703,-0.1442157888322555,0.05590960383415222,-0.10391572117805481,-0.16209242879445185,0.04159507155418396,-0.06052011251449585,-0.16095277308518519,0.01162979006767273,-0.15702572464942932,-0.07486679791504969,0.008958905935287476,-0.16245901584625244,-0.14356445907647242,0.004007011651992798,-0.09661281108856201,-0.13075717925126185,0.0022337734699249268,-0.05732738971710205,-0.10811625807578196,-0.0537438690662384,-0.14447706937789917,-0.08452664702231516,-0.049605220556259155,-0.15419608354568481,-0.13287369548375239,-0.0456031858921051,-0.1019982397556305,-0.1220774540215217,-0.03841021656990051,-0.07037407159805298,-0.10421575247342219,L
0.0,0.0,0.0,0.09950584173202515,0.03641881048679352,-0.048037903728868514,0.14190369844436646,0.11492612957954407,-0.11375079152264789,0.10900437831878662,0.18796035647392273,-0.15650772151627734,0.07030534744262695,0.23892664909362793,-0.20180062052884296,0.1540534496307373,0.08527505397796631,-0.25605019030251697,0.12292617559432983,0.22261804342269897,-0.31835814413705066,0.10209941864013672,0.2961307764053345,-0.33565603789963916,0.08401387929916382,0.34963101148605347,-0.34388511476197436,0.056398212909698486,0.07692968845367432,-0.25009738502183154,0.054110944271087646,0.22254619002342224,-0.32995994982400134,0.04829216003417969,0.30201447010040283,-0.34663294849076465,0.04420650005340576,0.3580165505409241,-0.3558108716932793,-0.025097250938415527,0.08414435386657715,-0.23036534187474444,-0.02182447910308838,0.22939950227737427,-0.2900425702063103,-0.01614236831665039,0.3142474889755249,-0.3009445577589531,-0.009562313556671143,0.37358546257019043,-0.30750848946252063,-0.08337616920471191,0.1071564257144928,-0.20648678240456775,-0.04377654194831848,0.20187681913375854,-0.2419936418262978,-0.005577206611633301,0.2357044816017151,-0.24332385358491138,0.018921494483947754,0.26129812002182007,-0.24521069821992114,M
0.0,0.0,0.0,0.05127173662185669,0.04554246366024017,-0.08201724753035933,0.06393271684646606,0.09699670970439911,-0.16473463639869124,0.052238285541534424,0.15515248477458954,-0.23445876404895216,0.032543718814849854,0.20531035959720612,-0.30660869643344313,0.07297313213348389,0.03438858687877655,-0.21284877226008803,0.03857511281967163,0.13703282177448273,-0.2997817890371266,0.015492618083953857,0.19669462740421295,-0.35327224895610243,0.007565319538116455,0.2325199395418167,-0.38814457223071486,0.011787712574005127,0.010544613003730774,-0.21187092826022536,-0.010887622833251953,0.11984170973300934,-0.2916251020158711,-0.01986008882522583,0.1815761774778366,-0.3138216035093251,-0.022804081439971924,0.2202882319688797,-0.3339328961099568,-0.04649794101715088,0.002536788582801819,-0.21113218829287916,-0.06028762459754944,0.10809792578220367,-0.2749961213792744,-0.05911865830421448,0.15982060134410858,-0.2748566763128224,-0.05607464909553528,0.18959833681583405,-0.2747856573785725,-0.09618988633155823,0.00790204107761383,-0.2168250875200215,-0.104250967502594,0.0797157734632492,-0.25251473948611647,-0.10132366418838501,0.11889936029911041,-0.24751207694663435,-0.097709059715271,0.14281733334064484,-0.24723773166789442,N
0.0,0.0,0.0,0.1128610372543335,-0.000828862190246582,0.07393220721968419,0.1860010027885437,-0.014247357845306396,0.08872371821888692,0.25000113248825073,-0.010142654180526733,0.07826098709591633,0.2860453724861145,-0.024007141590118408,0.06829560457953221,0.1461365818977356,-0.14150837063789368,0.1114397486973644,0.24678915739059448,-0.1568458080291748,0.09731838762053258,0.2968105673789978,-0.11480706930160522,0.06863601415642506,0.29973703622817993,-0.07088980078697205,0.051993104659402434,0.13693833351135254,-0.145391583442688,0.05541081636437184,0.2734420895576477,-0.15363052487373352,0.036245475553357664,0.31043994426727295,-0.09760984778404236,0.0033697660848588384,0.291176438331604,-0.055445581674575806,-0.014074726000046667,0.13586366176605225,-0.13978660106658936,0.0002731184951585419,0.2576768398284912,-0.15367066860198975,-0.0012094985857515894,0.29786574840545654,-0.10154610872268677,-0.004277301922058996,0.28422844409942627,-0.061444222927093506,-0.005518570977812942,0.14545190334320068,-0.11495617032051086,-0.0517348432611584,0.24677902460098267,-0.12517985701560974,-0.03975060299745792,0.28279346227645874,-0.08967617154121399,-0.024691062949216303,0.2808077931404114,-0.05830833315849304,-0.014501086406028207,O
0.0,0.0,0.0,0.04943138360977173,-0.06421113014221191,-0.01496174413512108,0.14662504196166992,-0.12116780877113342,-0.038344576431313726,0.24683797359466553,-0.14782381057739258,-0.06241594202617762,0.3285924792289734,-0.17064598202705383,-0.08224964462021944,0.12133026123046875,-0.20864519476890564,-0.06137526728014109,0.2670283317565918,-0.2182953655719757,-0.10055510274867174,0.348136842250824,-0.23371469974517822,-0.12113148294190523,0.41326904296875,-0.2524948716163635,-0.13486004940966723,0.10143080353736877,-0.18910112977027893,-0.07516354642609713,0.2660726308822632,-0.15082722902297974,-0.12150657497147677,0.3589168190956116,-0.12040793895721436,-0.13207466475466845,0.42803651094436646,-0.10262572765350342,-0.13762940041522143,0.08973830938339233,-0.1512179672718048,-0.0885068135688698,0.22566241025924683,-0.08434173464775085,-0.128083746356765,0.18924468755722046,-0.05737772583961487,-0.10945293627480623,0.14707133173942566,-0.059932053089141846,-0.09083206526736376,0.08620697259902954,-0.10920998454093933,-0.10459106735686419,0.19802039861679077,-0.05111226439476013,-0.12973467580775377,0.16549065709114075,-0.0324133038520813,-0.11536628328065035,0.12430819869041443,-0.04002305865287781,-0.1000584470460808,P
0.0,0.0,0.0,0.1547766625881195,0.04963384568691254,-0.009622142544401413,0.22857436537742615,0.14077453315258026,-0.027259609556210762,0.24201086163520813,0.23794545233249664,-0.03663230769933534,0.2279350459575653,0.302635058760643,-0.0477875516623385,0.13717779517173767,0.23329241573810577,-0.10056179844440294,0.12961193919181824,0.38186101615428925,-0.1409989082127936,0.12344273924827576,0.461024209856987,-0.16547828250230623,0.11303970217704773,0.5219954699277878,-0.18094431691469026,0.017225593328475952,0.23995234072208405,-0.08531364881099535,0.0877104103565216,0.31204788386821747,-0.08204130165876222,0.11423411965370178,0.2700936645269394,-0.0466327228456862,0.10812881588935852,0.23043231666088104,-0.02982163698078466,-0.06882211565971375,0.22158487141132355,-0.06741069339813066,0.010419398546218872,0.272829994559288,-0.06727995060981584,0.027566105127334595,0.23796410858631134,-0.03750523262323213,0.02143418788909912,0.19623051583766937,-0.022999112388504273,-0.13363787531852722,0.19983325898647308,-0.047720645448578125,-0.06777280569076538,0.24081100523471832,-0.04647929303945375,-0.04276546835899353,0.21054933965206146,-0.02677332319916559,-0.04118543863296509,0.17511014640331268,-0.012751722602558857,Q
0.0,0.0,0.0,0.08794203400611877,-0.02316761016845703,-0.03861394548619046,0.14751073718070984,-0.07959336042404175,-0.05352245295250668,0.10120990872383118,-0.12076553702354431,-0.06844025874340787,0.039692968130111694,-0.14625105261802673,-0.08229305619204297,0.1294979751110077,-0.1896468997001648,-0.02484446415508046,0.1334996521472931,-0.2769589424133301,-0.060985736789348266,0.12487182021141052,-0.3315325379371643,-0.08988795453512921,0.11343619227409363,-0.38087914884090424,-0.10912434035742535,0.06581190228462219,-0.19028279185295105,-0.03886217647993817,0.10965701937675476,-0.2854521572589874,-0.06813680404627576,0.13390305638313293,-0.3407115340232849,-0.088929325582626,0.14926627278327942,-0.3934255540370941,-0.10077324533665433,0.0015464723110198975,-0.17366951704025269,-0.06072255248034253,0.02074432373046875,-0.21224987506866455,-0.11808997416699185,0.029885172843933105,-0.14822697639465332,-0.1291546451469685,0.03860786557197571,-0.10768759250640869,-0.11975304061377301,-0.06405600905418396,-0.1468300223350525,-0.08610806638205304,-0.04411378502845764,-0.17528730630874634,-0.1314030515571858,-0.027032673358917236,-0.12816426157951355,-0.12818843895399823,-0.015897482633590698,-0.09537261724472046,-0.11708159768784299,R
0.0,0.0,0.0,0.09728825092315674,-0.013546228408813477,-0.04568016956415022,0.1984705924987793,-0.05715551972389221,-0.06860542352166021,0.20897305011749268,-0.10790553689002991,-0.08723665828671301,0.14973115921020508,-0.13409161567687988,-0.0994238486405834,0.16787731647491455,-0.1542588174343109,-0.037242916029356365,0.18867474794387817,-0.1799972653388977,-0.08711346293654287,0.15443551540374756,-0.12242451310157776,-0.11287610287632788,0.13419878482818604,-0.09319022297859192,-0.12388485724892462,0.10031700134277344,-0.16940250992774963,-0.03816540594067419,0.13302212953567505,-0.20373761653900146,-0.09892132933106268,0.10563302040100098,-0.13433033227920532,-0.1170659219738468,0.08250367641448975,-0.09742221236228943,-0.11480997557606543,0.03577607870101929,-0.17477896809577942,-0.045725081663988476,0.05734372138977051,-0.19395777583122253,-0.10645392591919745,0.038225531578063965,-0.11946892738342285,-0.10067634339299047,0.023500442504882812,-0.08117464184761047,-0.08017514700856054,-0.028253793716430664,-0.17344656586647034,-0.05635301078524435,-0.008266448974609375,-0.17947813868522644,-0.09639642442431295,-0.011776208877563477,-0.12410950660705566,-0.08855652863945807,-0.013918876647949219,-0.09443041682243347,-0.07220827842917288,S
0.0,0.0,0.0,0.08990859985351562,-0.03372722864151001,-0.04585875088736202,0.13915705680847168,-0.10457506775856018,-0.06163655857011463,0.1619865894317627,-0.17106959223747253,-0.07972836384936954,0.1893053650856018,-0.22291165590286255,-0.09162635246678974,0.12415337562561035,-0.1671358048915863,0.038059902541192514,0.17031818628311157,-0.20311790704727173,0.019788078196199876,0.18974822759628296,-0.1947639286518097,-0.0008791951221951422,0.18995916843414307,-0.1750776469707489,-0.009873119019118803,0.07261991500854492,-0.18587979674339294,0.04052154084280346,0.10045021772384644,-0.2681359648704529,0.04425246750548695,0.10881906747817993,-0.3230547308921814,0.035144989542516214,0.1098940372467041,-0.3697229474782944,0.02824485597744797,0.01955235004425049,-0.18689951300621033,0.028463822953256113,0.020553529262542725,-0.26584592461586,0.022009176365884286,0.02448141574859619,-0.3128526210784912,0.012993507250996572,0.024574756622314453,-0.35248909890651703,0.007662135340126497,-0.032810062170028687,-0.17553147673606873,0.008937637485416872,-0.03178158402442932,-0.23606973886489868,0.0025985000430068794,-0.030437827110290527,-0.2737579345703125,0.0011683175580969873,-0.025059372186660767,-0.30610835552215576,0.000277665025407714,T
0.0,0.0,0.0,0.07056570053100586,-0.021466314792633057,-0.05335704597746371,0.11074298620223999,-0.060252368450164795,-0.08787819358622073,0.057732224464416504,-0.07307463884353638,-0.12203415843760013,-0.015297949314117432,-0.07840734720230103,-0.15576763811623096,0.09076035022735596,-0.16913259029388428,-0.06572926404987811,0.08582663536071777,-0.2590993344783783,-0.11295046272789477,0.0767216682434082,-0.3127620220184326,-0.14512105646645068,0.063060462474823,-0.36404937505722046,-0.16698792937313556,0.024031758308410645,-0.1698322296142578,-0.07576301309381961,0.023936688899993896,-0.27351951599121094,-0.12966430547749042,0.028863906860351562,-0.33212822675704956,-0.16376053157364368,0.028662264347076416,-0.3888562023639679,-0.18084930244003772,-0.036092519760131836,-0.14741992950439453,-0.09085618320023059,-0.037437498569488525,-0.17434006929397583,-0.16195424261604785,-0.017534971237182617,-0.11014050245285034,-0.17472954454933642,0.003014087677001953,-0.07651680707931519,-0.16328952076946734,-0.09214916825294495,-0.11624467372894287,-0.10950494173084735,-0.08715176582336426,-0.1239093542098999,-0.15755613508736133,-0.05686795711517334,-0.08060318231582642,-0.1542731410554552,-0.028457701206207275,-0.057201504707336426,-0.14178219798122882,U
0.0,0.0,0.0,0.06776991486549377,-0.022848784923553467,-0.05875695142299264,0.09319242835044861,-0.06044536828994751,-0.09848497826010316,0.024706929922103882,-0.07263588905334473,-0.13773513603359788,-0.04752257466316223,-0.07712686061859131,-0.17748142051846116,0.08069929480552673,-0.16742178797721863,-0.07659532892853349,0.11334070563316345,-0.24991554021835327,-0.12647222745567888,0.1333143413066864,-0.3007490336894989,-0.15808848309666246,0.14223948121070862,-0.34763556718826294,-0.17934962380081743,0.006023108959197998,-0.1670868694782257,-0.0823216961637172,-0.03153756260871887,-0.26394692063331604,-0.144675933004919,-0.05802568793296814,-0.3202455937862396,-0.18007057178169816,-0.08319559693336487,-0.37139391899108887,-0.19611970353275865,-0.05373317003250122,-0.14201688766479492,-0.09289731103331178,-0.0735221803188324,-0.16680842638015747,-0.17171017098576158,-0.04361274838447571,-0.11009740829467773,-0.18715959060341447,-0.018405884504318237,-0.07653462886810303,-0.17559970188290208,-0.10440459847450256,-0.10753476619720459,-0.10679116863161653,-0.1087062656879425,-0.11514967679977417,-0.16489157843739122,-0.0751558244228363,-0.07672125101089478,-0.16629745829254716,-0.043869465589523315,-0.05288493633270264,-0.1538607405439052,V
0.0,0.0,0.0,0.0575520396232605,-0.007513701915740967,-0.0734680519867652,0.07706469297409058,-0.040189266204833984,-0.11317720277793342,-0.00093117356300354,-0.060597121715545654,-0.14207344515807563,-0.07663363218307495,-0.07846850156784058,-0.17573823793418342,0.08270156383514404,-0.1533052921295166,-0.10075187696702415,0.12260574102401733,-0.22853848338127136,-0.14126730723864966,0.14168041944503784,-0.27938514947891235,-0.1715363041926139,0.15814048051834106,-0.3267224133014679,-0.19527008398063117,0.014009356498718262,-0.1684688925743103,-0.09575980170257026,0.010722994804382324,-0.2588917016983032,-0.1340740547943824,0.00812232494354248,-0.3154489994049072,-0.1718816535044425,0.010140836238861084,-0.36280471086502075,-0.19807564480788642,-0.04334181547164917,-0.1551722288131714,-0.09408948584086829,-0.08585691452026367,-0.23507049679756165,-0.14813797934539252,-0.10717028379440308,-0.2840021252632141,-0.193849735097956,-0.1181262731552124,-0.3276767134666443,-0.22434685392863685,-0.09323644638061523,-0.12298274040222168,-0.09558185948617393,-0.10280084609985352,-0.13048267364501953,-0.15414986773021155,-0.0861840546131134,-0.10037273168563843,-0.17702721817977363,-0.0664006769657135,-0.07275432348251343,-0.18928701444156104,W
0.0,0.0,0.0,0.006630510091781616,0.012770116329193115,-0.1317063578478086,-0.01887977123260498,0.01992747187614441,-0.21744753504907965,-0.06231743097305298,0.04169335961341858,-0.2834504106155622,-0.08100748062133789,0.05731797218322754,-0.3414170601478803,0.03712227940559387,-0.0667235255241394,-0.19874793375646949,-0.05399906635284424,-0.06347814202308655,-0.29671789790308356,-0.06790280342102051,-0.03143158555030823,-0.33914996768152594,-0.04876154661178589,-0.0122222900390625,-0.3599727907291639,0.009113818407058716,-0.07876607775688171,-0.1721227773538816,-0.09679603576660156,-0.06797242164611816,-0.26796920682108283,-0.10053741931915283,-0.03297024965286255,-0.2855057277790296,-0.07455557584762573,-0.022535979747772217,-0.28882794166719794,-0.030958980321884155,-0.07719048857688904,-0.15667928839838385,-0.12457653880119324,-0.045820146799087524,-0.2535409786812055,-0.1139790415763855,-0.005947738885879517,-0.2516991057506788,-0.08055731654167175,0.0057180821895599365,-0.23536962355291724,-0.06968867778778076,-0.06679967045783997,-0.1519770183674085,-0.13801676034927368,-0.03413975238800049,-0.2268158354870069,-0.12989652156829834,-0.0026814937591552734,-0.2348022618404615,-0.10669142007827759,0.007874459028244019,-0.22860953296339392,X
0.0,0.0,0.0,-0.04449447989463806,0.004911541938781738,-0.11519783874513223,-0.07687827944755554,0.0077787041664123535,-0.19122973223687723,-0.09616202116012573,0.03154677152633667,-0.2473872317886503,-0.10396718978881836,0.04114118218421936,-0.29445921023847177,0.03122088313102722,-0.07625770568847656,-0.18943293531896188,-0.021876245737075806,-0.05665060877799988,-0.27463592728139474,-0.04371607303619385,-0.01655241847038269,-0.3084025545931013,-0.0473252534866333,0.011178761720657349,-0.3235099180555494,0.022947996854782104,-0.08091455698013306,-0.16691084345342233,-0.10015520453453064,-0.060412049293518066,-0.25143306096555307,-0.108021080493927,-0.02410992980003357,-0.26407511671544626,-0.08746445178985596,-0.010931730270385742,-0.2663175030565412,-0.0031873583793640137,-0.07230004668235779,-0.1532049043989332,-0.11331799626350403,-0.037560462951660156,-0.23604393144609048,-0.10930004715919495,-0.0002804994583129883,-0.23208974441052987,-0.08249595761299133,0.009696125984191895,-0.21897567947866037,-0.027067869901657104,-0.05535757541656494,-0.1484841122245939,-0.11120983958244324,-0.01752367615699768,-0.22056333859922006,-0.11000305414199829,0.012102127075195312,-0.2296160473442228,-0.0900067687034607,0.02204233407974243,-0.2246731682634504,X
0.0,0.0,0.0,-0.06202089786529541,-0.018987804651260376,-0.09293301075143745,-0.10342484712600708,-0.04367011785507202,-0.14483055143995216,-0.119190514087677,-0.05479317903518677,-0.18157855837984016,-0.11583775281906128,-0.057213932275772095,-0.20638808279676368,-0.0079575777053833,-0.12880384922027588,-0.09309750466985633,-0.1541547179222107,-0.12594649195671082,-0.1594471451584809,-0.1694672703742981,-0.08812311291694641,-0.19455843835515907,-0.12572813034057617,-0.07411700487136841,-0.2148193833176606,0.009408235549926758,-0.13746246695518494,-0.07444509535474708,-0.1592170000076294,-0.12839585542678833,-0.13951080709142616,-0.16313356161117554,-0.08729955554008484,-0.15025475292844703,-0.11634606122970581,-0.07542428374290466,-0.1488251057211869,0.011921465396881104,-0.1342982053756714,-0.06714572429103782,-0.14089369773864746,-0.124291330575943,-0.13042825132055214,-0.14088183641433716,-0.08562517166137695,-0.12130845754785469,-0.10246258974075317,-0.07340613007545471,-0.10439633249683311,0.015206456184387207,-0.12191733717918396,-0.06929013549728325,-0.10844027996063232,-0.11288705468177795,-0.12172213613433769,-0.1116342544555664,-0.08370620012283325,-0.12373812913341453,-0.08006209135055542,-0.0711929202079773,-0.11228593855543068,X
0.0,0.0,0.0,0.04354304075241089,0.006160557270050049,-0.08076089159502686,0.06697088479995728,0.0069008469581604,-0.13227486894383134,0.027157366275787354,0.010181277990341187,-0.17226054058327378,-0.03201264142990112,0.011647135019302368,-0.2055118410374135,0.043937623500823975,-0.06748306751251221,-0.11076280013575257,-0.03133988380432129,-0.08743032813072205,-0.18023075447334946,-0.024102509021759033,-0.06267133355140686,-0.21142243132843674,0.0067596435546875,-0.04692313075065613,-0.22177584753288926,-0.009589314460754395,-0.07286840677261353,-0.09380515203728379,-0.0873151421546936,-0.0869697630405426,-0.16354443416847886,-0.07153993844985962,-0.053105324506759644,-0.17707108245148362,-0.03817695379257202,-0.03745752573013306,-0.17180016920818986,-0.05741071701049805,-0.07003757357597351,-0.08510749326004685,-0.12223577499389648,-0.07352316379547119,-0.1455660788799733,-0.09717315435409546,-0.04276174306869507,-0.137378889181754,-0.05871838331222534,-0.03254464268684387,-0.11699177608742417,-0.09033888578414917,-0.06072777509689331,-0.08250639126553239,-0.1373578906059265,-0.06083935499191284,-0.11885814652695359,-0.11484736204147339,-0.03879091143608093,-0.1100114090825528,-0.08204281330108643,-0.027539163827896118,-0.09230425492777528,X
0.0,0.0,0.0,0.03821897506713867,0.004626840353012085,-0.06576652976843889,0.05097174644470215,0.014274924993515015,-0.11982888880345399,0.043510377407073975,0.04107534885406494,-0.16237146559330995,-0.0028799772262573242,0.0560954213142395,-0.20367536845776613,0.004554092884063721,-0.03126087784767151,-0.1586438060102182,-0.04535627365112305,-0.0401613712310791,-0.2127181083259302,-0.032290518283843994,-0.023606479167938232,-0.23897864821526582,-0.010670959949493408,-0.00948399305343628,-0.2558711707887369,-0.004166901111602783,-0.017095088958740234,-0.1524073422250467,-0.041952669620513916,-0.003530651330947876,-0.2193019181785303,-0.022414028644561768,0.007767438888549805,-0.24294977787110383,0.0006020069122314453,0.010466426610946655,-0.2594538271722513,-0.015911340713500977,0.002420783042907715,-0.144736537366839,-0.025333762168884277,0.03049403429031372,-0.20041915181252534,-0.010003209114074707,0.03673720359802246,-0.20614414814087922,0.0036011338233947754,0.03360822796821594,-0.20794239047143037,-0.01706528663635254,0.02346956729888916,-0.14150571230027253,-0.017826735973358154,0.049382030963897705,-0.1868965864476877,-0.019187510013580322,0.054428935050964355,-0.19449658098790223,-0.022376179695129395,0.05113428831100464,-0.1980456799564081,X
0.0,0.0,0.0,-0.0015349388122558594,-0.008410483598709106,-0.08851806166674692,-0.015994668006896973,-0.02395758032798767,-0.13922001513745386,-0.04749858379364014,-0.030488431453704834,-0.17724138590600091,-0.0894119143486023,-0.02848723530769348,-0.20828147324826318,0.013195276260375977,-0.09221786260604858,-0.10155817958619195,-0.08979165554046631,-0.11151647567749023,-0.16235382947232324,-0.10573709011077881,-0.08310231566429138,-0.19463950487877923,-0.08152490854263306,-0.06453856825828552,-0.20980991515423852,-0.012759566307067871,-0.09851744771003723,-0.07971647474076349,-0.12754946947097778,-0.11268821358680725,-0.14282596203591424,-0.12800365686416626,-0.0807361900806427,-0.16022577974106866,-0.09917628765106201,-0.06179115176200867,-0.16128374728467065,-0.03764915466308594,-0.09749999642372131,-0.06684268358256418,-0.14116358757019043,-0.10642057657241821,-0.12452112230565149,-0.12976723909378052,-0.07642245292663574,-0.12685512098576623,-0.097450852394104,-0.059422969818115234,-0.11581205668952066,-0.05441015958786011,-0.09030282497406006,-0.061455295412798705,-0.12844830751419067,-0.09550178050994873,-0.10351503732707101,-0.11804896593093872,-0.07420751452445984,-0.10731592121626932,-0.08966398239135742,-0.0590171217918396,-0.09932365360762674,X
0.0,0.0,0.0,-0.056377291679382324,-0.005138218402862549,-0.09504452083677961,-0.10161399841308594,-0.01463395357131958,-0.15948565040201856,-0.12842577695846558,-0.011090278625488281,-0.2096053335484953,-0.15666267275810242,-0.01143425703048706,-0.25228501592249586,-0.025451958179473877,-0.09581419825553894,-0.14236297939390852,-0.17766857147216797,-0.11283081769943237,-0.2115422758874388,-0.20108187198638916,-0.08043444156646729,-0.24287369583220197,-0.17411985993385315,-0.06454813480377197,-0.2595754090365858,-0.02194160223007202,-0.10109832882881165,-0.12374489490360929,-0.18520385026931763,-0.1065540611743927,-0.19172143672079756,-0.19240465760231018,-0.07359743118286133,-0.20101484392256452,-0.16094470024108887,-0.060610294342041016,-0.200709474426219,-0.0290566086769104,-0.09391412138938904,-0.11324652765364362,-0.16984927654266357,-0.08827963471412659,-0.17647985849947645,-0.1653234362602234,-0.05577036738395691,-0.16944069896311476,-0.13440045714378357,-0.04255247116088867,-0.1569717500028105,-0.030232548713684082,-0.07866066694259644,-0.11105347160668089,-0.13692840933799744,-0.06226488947868347,-0.16711318228811933,-0.14426106214523315,-0.03582313656806946,-0.17306360338301374,-0.12441623210906982,-0.022158503532409668,-0.16709489856333448,X
0.0,0.0,0.0,0.036856234073638916,0.017302870750427246,-0.12657140221060104,0.033018141984939575,0.02959132194519043,-0.20948836233080215,-0.05442690849304199,0.03986266255378723,-0.26965202416837997,-0.13299298286437988,0.03801831603050232,-0.3202600630706627,0.040861576795578,-0.04077160358428955,-0.21945652391374892,-0.08375570178031921,-0.053461700677871704,-0.2912269088214714,-0.10986876487731934,-0.016872107982635498,-0.30809383120001144,-0.10440969467163086,0.009885191917419434,-0.31156821574629134,-0.025415927171707153,-0.04970952868461609,-0.1850831660217125,-0.17745088040828705,-0.03570094704627991,-0.2772976311630089,-0.15784133970737457,0.009308993816375732,-0.29341413106382674,-0.11025992035865784,0.03281322121620178,-0.2910173984950859,-0.089520663022995,-0.050391167402267456,-0.1548714342302162,-0.20717847347259521,-0.03425362706184387,-0.24284335996568984,-0.16467684507369995,-0.0061712563037872314,-0.24401706482828445,-0.10769984126091003,0.004362046718597412,-0.22885297264517135,-0.1401999592781067,-0.047896772623062134,-0.13094675566614455,-0.20464515686035156,-0.03567612171173096,-0.19792805637777633,-0.1758928745985031,-0.010010570287704468,-0.19862440254152602,-0.13564056158065796,0.005531728267669678,-0.185230180878051,X
0.0,0.0,0.0,0.05349883437156677,0.020581573247909546,-0.14206312576217783,0.08338961005210876,0.03787687420845032,-0.25177794674320353,0.045050472021102905,0.06249156594276428,-0.338147341999246,-0.027870506048202515,0.07889986038208008,-0.4167425034372343,0.11554673314094543,-0.02090469002723694,-0.27561697343273295,0.03603735566139221,0.00297430157661438,-0.3901496229497923,0.010687559843063354,0.052957236766815186,-0.43326252678318156,0.0070459842681884766,0.07682126760482788,-0.44972583630962504,0.033262014389038086,-0.03436177968978882,-0.24455180743618143,-0.08936761319637299,-0.043803274631500244,-0.3629392383424772,-0.07982277870178223,-0.01978549361228943,-0.3784458635179533,-0.04276922345161438,-0.01731818914413452,-0.3752097783414854,-0.05279096961021423,-0.040033698081970215,-0.21761813739223612,-0.13856002688407898,-0.027415096759796143,-0.31419724205417765,-0.11031128466129303,0.003529161214828491,-0.28618860224170817,-0.06416678428649902,0.008150249719619751,-0.24971061924381388,-0.12183192372322083,-0.04219427704811096,-0.20102430859489573,-0.16347330808639526,-0.022621959447860718,-0.25268495062275065,-0.13886390626430511,-0.00045874714851379395,-0.22903721013946665,-0.10065124928951263,0.007091552019119263,-0.201813712510301,X
0.0,0.0,0.0,0.0654657781124115,0.013495713472366333,-0.0944842561673056,0.09014612436294556,0.03363481163978577,-0.1705531939457785,0.06433835625648499,0.07105892896652222,-0.23407472815026154,0.03247249126434326,0.10169327259063721,-0.29798531677235474,0.08809766173362732,-0.016811668872833252,-0.1828481569479834,0.06174805760383606,0.022229254245758057,-0.2753350749205481,0.02728193998336792,0.05921950936317444,-0.33229038264263977,0.007889211177825928,0.08174681663513184,-0.36675492074002136,-7.221102714538574e-05,-0.025312960147857666,-0.1716629728268515,-0.04843375086784363,-0.00631183385848999,-0.24838918592442383,-0.05351002514362335,0.02317693829536438,-0.26897207047451843,-0.03514814376831055,0.03411221504211426,-0.28523138310421814,-0.07890783250331879,-0.02670079469680786,-0.1664098068665396,-0.11548492312431335,-0.003753095865249634,-0.2384315445612799,-0.09831361472606659,0.022075891494750977,-0.2347922339629065,-0.06710134446620941,0.028360724449157715,-0.22751535620201935,-0.1364866942167282,-0.022584855556488037,-0.1691440656374823,-0.15414133667945862,0.0005439817905426025,-0.22232443239201416,-0.1320931613445282,0.01953756809234619,-0.22078664745797028,-0.10383768379688263,0.024860918521881104,-0.2173901661824118,X
0.0,0.0,0.0,-0.04375407099723816,0.005651712417602539,-0.12110250075659224,-0.09228554368019104,-0.0031364858150482178,-0.19286186625561186,-0.15920019149780273,-0.016421794891357422,-0.24197654058536955,-0.21535497903823853,-0.03656408190727234,-0.27792696287235685,-0.014566302299499512,-0.10005912184715271,-0.1787592582901425,-0.1951204538345337,-0.1209985613822937,-0.2516354434688992,-0.2262914478778839,-0.08690837025642395,-0.27148629357418486,-0.20351284742355347,-0.0690748393535614,-0.2772513442238278,-0.03280720114707947,-0.11791187524795532,-0.14460391928753324,-0.23138535022735596,-0.11797255277633667,-0.22069008280834623,-0.2344357967376709,-0.07417818903923035,-0.22213287283977934,-0.1888953447341919,-0.05986103415489197,-0.21355881919464537,-0.0626809298992157,-0.1226552426815033,-0.11919752140840956,-0.2373943328857422,-0.11247822642326355,-0.18739431728920408,-0.22403877973556519,-0.07009804248809814,-0.16797434916099974,-0.1744357943534851,-0.057246237993240356,-0.1458426379164166,-0.08743941783905029,-0.11881431937217712,-0.10363140334686705,-0.21589630842208862,-0.10649719834327698,-0.16133918990692564,-0.20666179060935974,-0.07433503866195679,-0.15911240508160063,-0.166116863489151,-0.06002268195152283,-0.14468110730251738,X
0.0,0.0,0.0,-0.021737277507781982,-0.030516386032104492,-0.07757988243129432,-0.010218560695648193,-0.050912559032440186,-0.1209514555218476,0.015837132930755615,-0.03772902488708496,-0.15346377759006202,0.044915199279785156,-0.016904711723327637,-0.183560487318303,0.14187073707580566,-0.04208746552467346,-0.10531286566283882,0.16602540016174316,-0.006751149892807007,-0.15878632335689247,0.14557290077209473,0.01887136697769165,-0.1940314140799302,0.11158722639083862,0.038856565952301025,-0.21070067255523384,0.16225504875183105,-0.012675642967224121,-0.08870783864286125,0.1573888659477234,0.03275260329246521,-0.1473157372954148,0.122672438621521,0.055304914712905884,-0.17760622172382057,0.07866787910461426,0.06834551692008972,-0.18974284498717964,0.1588248610496521,0.012771636247634888,-0.07682729928519905,0.1427978277206421,0.05077892541885376,-0.13365561931159675,0.09912335872650146,0.06384298205375671,-0.15039071111705482,0.04848361015319824,0.06868347525596619,-0.14797997145679176,0.14211386442184448,0.033686697483062744,-0.07052468179490745,0.14550817012786865,0.060047417879104614,-0.1117562246206063,0.11260777711868286,0.06926897168159485,-0.11659962354924858,0.06756359338760376,0.07173487544059753,-0.10943735806968391,X
0.0,0.0,0.0,0.022402703762054443,-0.002333611249923706,-0.08628033380111333,0.022135019302368164,-0.004702657461166382,-0.14516630302270528,0.005418658256530762,0.011393576860427856,-0.18889073561032887,-0.043768465518951416,0.022591441869735718,-0.2271892679770815,0.024544179439544678,-0.05163615942001343,-0.1703650606711733,-0.059986889362335205,-0.06595271825790405,-0.2414315147240984,-0.066070556640625,-0.04679021239280701,-0.27242221961816426,-0.04079562425613403,-0.034557342529296875,-0.2895400775512087,0.004562497138977051,-0.03879284858703613,-0.15753107796510335,-0.08472603559494019,-0.04971453547477722,-0.23537313471635457,-0.07744526863098145,-0.030737221240997314,-0.25077971349557515,-0.0437159538269043,-0.022375643253326416,-0.2563873482783663,-0.018502414226531982,-0.019922703504562378,-0.14873687456449147,-0.07909196615219116,-0.0003291964530944824,-0.2194649530490267,-0.07219386100769043,0.021711081266403198,-0.2175103528340685,-0.04661673307418823,0.02867308259010315,-0.2086491091092455,-0.0268021821975708,0.0036998391151428223,-0.14701285491784688,-0.054960548877716064,0.026143968105316162,-0.20408856402238484,-0.06016939878463745,0.04114213585853577,-0.2124325437386858,-0.05231958627700806,0.04530802369117737,-0.2128699673255312,X
0.0,0.0,0.0,0.03179502487182617,0.009171009063720703,-0.058789084589740526,0.040162861347198486,0.012868821620941162,-0.10167227957274605,0.0004838109016418457,0.011394798755645752,-0.13839755479123284,-0.044197022914886475,0.00431397557258606,-0.17282814804341484,0.0438840389251709,-0.0536939799785614,-0.08779110286261727,-0.0016529560089111328,-0.07742571830749512,-0.13855129007126976,-0.019825637340545654,-0.06265386939048767,-0.1669667166831701,-0.018128037452697754,-0.044242680072784424,-0.18042821708943535,-0.0008902549743652344,-0.061631977558135986,-0.08042751524474312,-0.06368041038513184,-0.08839458227157593,-0.1324035776021688,-0.06970727443695068,-0.06783795356750488,-0.1532887322070806,-0.059414446353912354,-0.04747399687767029,-0.16041104022290398,-0.041547954082489014,-0.059665560722351074,-0.07768792185809303,-0.09935766458511353,-0.0701216459274292,-0.1302661699416845,-0.09289956092834473,-0.046170562505722046,-0.13968669894959618,-0.0770311951637268,-0.02680206298828125,-0.13649339500691582,-0.06989717483520508,-0.04914650321006775,-0.07817825946833779,-0.1088833212852478,-0.04942503571510315,-0.11515426162507225,-0.10468167066574097,-0.02966800332069397,-0.11787790331866432,-0.0933942198753357,-0.01255035400390625,-0.11344076219823052,X
0.0,0.0,0.0,0.02497333288192749,0.006374776363372803,-0.06754786713439387,0.042664408683776855,0.007450222969055176,-0.11541188700515193,0.016166627407073975,0.013173282146453857,-0.15594473673421305,-0.022764742374420166,0.016405165195465088,-0.19496797217446726,0.06450819969177246,-0.05506357550621033,-0.09871165646630686,0.018015384674072266,-0.08563601970672607,-0.15672607912141245,-0.011724531650543213,-0.07421591877937317,-0.19074738217908305,-0.01335841417312622,-0.05952313542366028,-0.2081536818893568,0.021811366081237793,-0.07311561703681946,-0.08923012210446757,-0.031835973262786865,-0.111136794090271,-0.14636880351621073,-0.06009918451309204,-0.09060633182525635,-0.1640952397735731,-0.055963218212127686,-0.06956490874290466,-0.16686231090146464,-0.018790781497955322,-0.0811927318572998,-0.08573848201352519,-0.06997734308242798,-0.10773146152496338,-0.13979101373273295,-0.08321869373321533,-0.08339279890060425,-0.14343232108670634,-0.06775003671646118,-0.06258732080459595,-0.1351001281889097,-0.051856279373168945,-0.07991385459899902,-0.08687237842399043,-0.09029573202133179,-0.09262549877166748,-0.12769754423219126,-0.10268300771713257,-0.07187041640281677,-0.1287457217128889,-0.0929458737373352,-0.0509590208530426,-0.12128468050080699,X
0.0,0.0,0.0,0.017062127590179443,0.013913959264755249,-0.08938803746875124,0.012371182441711426,0.01670137047767639,-0.14988641663964586,-0.054854393005371094,0.01144835352897644,-0.20003065689977007,-0.10054469108581543,0.004202067852020264,-0.24572682603772478,0.06357806921005249,-0.05586588382720947,-0.11772916689093904,-0.0010297298431396484,-0.08394914865493774,-0.18708202465947465,-0.045016080141067505,-0.07204726338386536,-0.22431032582696275,-0.05374026298522949,-0.06208673119544983,-0.24225057884629564,0.012005329132080078,-0.07782861590385437,-0.10041576101954774,-0.07749983668327332,-0.09892058372497559,-0.16730222329076128,-0.11529764533042908,-0.06903120875358582,-0.18461106940682726,-0.10312777757644653,-0.0508652925491333,-0.18564957603391008,-0.03820732235908508,-0.09035655856132507,-0.09160389974292116,-0.1236351728439331,-0.10627365112304688,-0.15678340419705705,-0.1444540023803711,-0.07468676567077637,-0.1521450750487645,-0.1208394467830658,-0.05602318048477173,-0.13468334301884965,-0.08120852708816528,-0.0947687029838562,-0.08956683650191621,-0.13960522413253784,-0.11153358221054077,-0.13034670278008775,-0.1564023494720459,-0.08675110340118408,-0.11944338157351808,-0.14375194907188416,-0.06490543484687805,-0.10073118134911851,X
0.0,0.0,0.0,0.02029651403427124,0.022044390439987183,-0.16842245789098342,0.004415005445480347,0.026078850030899048,-0.2659712407164534,-0.07157230377197266,0.037134259939193726,-0.3294567737154921,-0.12128570675849915,0.04177829623222351,-0.3824255141787489,0.04214143753051758,-0.04915642738342285,-0.27540805669354995,-0.11504620313644409,-0.07492142915725708,-0.3540505740218123,-0.17070254683494568,-0.039421260356903076,-0.36882602901982864,-0.17288738489151,-0.009913772344589233,-0.3692548844389876,-0.0075699687004089355,-0.06716829538345337,-0.21406596632527908,-0.15158018469810486,-0.05387306213378906,-0.307304618077751,-0.16055506467819214,-0.004929721355438232,-0.31299480529355606,-0.1190752387046814,0.01456335186958313,-0.3041048619322737,-0.06531035900115967,-0.07456424832344055,-0.15849612386750778,-0.17721515893936157,-0.054667145013809204,-0.24550173910188278,-0.17244523763656616,-0.014604538679122925,-0.2336809757523497,-0.1272992193698883,-0.0005919337272644043,-0.2113294723801573,-0.12115886807441711,-0.07816541194915771,-0.1131123128704985,-0.1963920295238495,-0.06569069623947144,-0.18234330149221023,-0.19417957961559296,-0.028266221284866333,-0.17875832052754959,-0.15807870030403137,-0.006421178579330444,-0.16137651832627853,X
0.0,0.0,0.0,0.041301071643829346,0.029446840286254883,-0.16284650218176466,0.03123605251312256,0.04587852954864502,-0.26489512276339156,-0.057118386030197144,0.06239527463912964,-0.33414585542368513,-0.11788815259933472,0.06381797790527344,-0.3910900766818486,0.08362892270088196,-0.021457374095916748,-0.2826383824317418,-0.004638642072677612,0.001842200756072998,-0.37421704482721907,-0.04499626159667969,0.058336853981018066,-0.4006749803988896,-0.05581200122833252,0.08994781970977783,-0.40718282413172346,0.02294301986694336,-0.03590300679206848,-0.2290487403838597,-0.09905749559402466,-0.009271115064620972,-0.3255562300651036,-0.11652666330337524,0.03580719232559204,-0.33321772169756514,-0.0884319543838501,0.050625741481781006,-0.32944203567194563,-0.04545697569847107,-0.045383960008621216,-0.18040507685827833,-0.1534520387649536,-0.0300653874874115,-0.2715042943923436,-0.15968163311481476,0.003328472375869751,-0.2573693211047612,-0.12566614151000977,0.012509346008300781,-0.2343353147475682,-0.1119300127029419,-0.052872419357299805,-0.1411619747846089,-0.18623855710029602,-0.05080464482307434,-0.2071848477094136,-0.18924064934253693,-0.019286125898361206,-0.1956942195861302,-0.15700240433216095,0.0007399916648864746,-0.1750980282990895,X
0.0,0.0,0.0,0.11940407752990723,-0.03147566318511963,-0.06434748557467174,0.20859241485595703,-0.10160684585571289,-0.08572863278050136,0.2698044776916504,-0.16058087348937988,-0.10368702051300716,0.3383561372756958,-0.19551405310630798,-0.11091923204321574,0.10870510339736938,-0.14451950788497925,-0.045487871887871734,0.07146245241165161,-0.16163235902786255,-0.11827779051918696,0.059802621603012085,-0.1142810583114624,-0.14910904553789806,0.06383702158927917,-0.08253014087677002,-0.1507077017154188,0.016048908233642578,-0.14465206861495972,-0.039113058271595946,-0.008782029151916504,-0.14984166622161865,-0.13216265526671123,0.00720447301864624,-0.09346961975097656,-0.16173006084818553,0.019954204559326172,-0.06246680021286011,-0.16053285685438823,-0.06360316276550293,-0.14078426361083984,-0.04588049513358783,-0.09463769197463989,-0.15258193016052246,-0.14594564822573375,-0.054267704486846924,-0.10108590126037598,-0.16687739876169871,-0.02739819884300232,-0.06882846355438232,-0.15224049476046275,-0.13267508149147034,-0.13334494829177856,-0.055082811536976806,-0.16491806507110596,-0.19084101915359497,-0.10884490844864558,-0.17689290642738342,-0.22505563497543335,-0.12520609286684703,-0.18942061066627502,-0.2634153664112091,-0.12525495377440166,Y
0.0,0.0,0.0,0.11851274967193604,-0.03504824638366699,-0.08506863665661513,0.19622182846069336,-0.1126604676246643,-0.11359358680329024,0.24995899200439453,-0.17723405361175537,-0.13153159719786345,0.3108024597167969,-0.2193257212638855,-0.13586099547228514,0.09499841928482056,-0.1509164571762085,-0.07811726731142699,0.051425814628601074,-0.16886046528816223,-0.15441791814646422,0.051773130893707275,-0.11873656511306763,-0.18294696611246763,0.05969047546386719,-0.08793985843658447,-0.18326400321802794,-0.0009004473686218262,-0.14703109860420227,-0.06066638705215155,-0.028766393661499023,-0.1528676450252533,-0.1531688879140347,-0.0016855597496032715,-0.09411495923995972,-0.17661884528479277,0.018792271614074707,-0.06575977802276611,-0.17275551062903105,-0.08576011657714844,-0.13915413618087769,-0.05770706859311758,-0.1189882755279541,-0.14970728754997253,-0.15775419873079954,-0.06599605083465576,-0.10027188062667847,-0.17706723612627684,-0.028647661209106445,-0.07128620147705078,-0.16319289904913603,-0.1574646234512329,-0.12697678804397583,-0.058340766549918044,-0.20550498366355896,-0.1848965585231781,-0.11472096395573317,-0.2323198914527893,-0.2166631817817688,-0.13277605277380644,-0.26151642203330994,-0.2531373202800751,-0.13462211293062865,Y
0.0,0.0,0.0,0.13795778155326843,-0.039252281188964844,-0.07085260564588225,0.23271986842155457,-0.11500662565231323,-0.09056298250459349,0.30801650881767273,-0.17790305614471436,-0.10520893151067412,0.37256255745887756,-0.2216242253780365,-0.10865890050433791,0.14076140522956848,-0.1493511199951172,-0.033142311518417955,0.08993604779243469,-0.17592501640319824,-0.10408875161908782,0.07743999361991882,-0.1283872425556183,-0.13894240373872435,0.08180370926856995,-0.0959809422492981,-0.14432418162130034,0.04280766844749451,-0.14642047882080078,-0.021807407980190874,0.009070366621017456,-0.16279765963554382,-0.11097044313453353,0.0187070369720459,-0.10533216595649719,-0.1461897026946417,0.035019129514694214,-0.07508516311645508,-0.15171767586969054,-0.04428395628929138,-0.14226573705673218,-0.025623943676578165,-0.08501866459846497,-0.1624152958393097,-0.12254337782167113,-0.04654625058174133,-0.11236807703971863,-0.15037727171682036,-0.012002557516098022,-0.08112183213233948,-0.14370603675149596,-0.12434902787208557,-0.13594254851341248,-0.03195196950935042,-0.16756272315979004,-0.1947987675666809,-0.08257624322675383,-0.1886107623577118,-0.228499174118042,-0.09998654389880812,-0.2048397958278656,-0.265588641166687,-0.10329662824176467,Y
0.0,0.0,0.0,0.13441836833953857,-0.030081242322921753,-0.06462293996264634,0.24217557907104492,-0.10358375310897827,-0.08010971679141221,0.32283592224121094,-0.16642442345619202,-0.09283185883214173,0.39129501581192017,-0.20504584908485413,-0.09716782851864991,0.17754822969436646,-0.1426367163658142,-0.021608543980619288,0.1426413655281067,-0.17692404985427856,-0.08941844983746705,0.10997891426086426,-0.14459872245788574,-0.12621201707770524,0.10413974523544312,-0.12111327052116394,-0.13725496961524186,0.07972294092178345,-0.14491891860961914,-0.01666849612047372,0.05034303665161133,-0.1746109575033188,-0.10530235006262956,0.04189270734786987,-0.12150585651397705,-0.13824965192725358,0.04695016145706177,-0.08821472525596619,-0.140856207746765,-0.012753963470458984,-0.14333248138427734,-0.02681396848311124,-0.05206647515296936,-0.1692279726266861,-0.12146501376082597,-0.033230364322662354,-0.11812448501586914,-0.13890534772326646,-0.014527976512908936,-0.084465891122818,-0.12461379303385911,-0.09591561555862427,-0.13565576076507568,-0.04033138363411126,-0.13000735640525818,-0.19577260315418243,-0.09015624358107743,-0.14427772164344788,-0.22568106651306152,-0.1016432730739325,-0.15274226665496826,-0.2578718662261963,-0.10008235408713517,Y
0.0,0.0,0.0,0.13388779759407043,-0.030852586030960083,-0.08573026270039463,0.23993071913719177,-0.09830427169799805,-0.1082094317711153,0.32829800248146057,-0.15881161391735077,-0.12315934211380863,0.37982556223869324,-0.20232917368412018,-0.12622051000960255,0.1730421483516693,-0.1433863639831543,-0.012025485414937975,0.1348010003566742,-0.1810879409313202,-0.08642347962029362,0.10269555449485779,-0.13798315823078156,-0.13076762915022755,0.09462961554527283,-0.10285669565200806,-0.1407399481571474,0.07661387324333191,-0.14406980574131012,0.009152025315984247,0.052145570516586304,-0.17957928776741028,-0.09011869192488575,0.04174891114234924,-0.122129887342453,-0.1352923220432558,0.04349800944328308,-0.08366677165031433,-0.1382779485023775,-0.015709251165390015,-0.14286600053310394,0.012099334370418546,-0.04727950692176819,-0.17230838537216187,-0.08279176116354847,-0.030178844928741455,-0.12221142649650574,-0.11156060606606388,-0.011625230312347412,-0.08555755019187927,-0.09903800547488117,-0.09962522983551025,-0.13710922002792358,0.010147160250767229,-0.1213882565498352,-0.193141371011734,-0.02975259967513466,-0.13854318857192993,-0.22362634539604187,-0.04373971060283566,-0.147798091173172,-0.25459907203912735,-0.04177102879054928,Y
0.0,0.0,0.0,0.13751095533370972,-0.03375828266143799,-0.07206903680599908,0.23958617448806763,-0.10259932279586792,-0.08965295090712289,0.32507002353668213,-0.16374170780181885,-0.10068241789377907,0.37885934114456177,-0.20534491539001465,-0.09841700180805901,0.15522336959838867,-0.14675244688987732,-0.012442112000655925,0.11490321159362793,-0.18329286575317383,-0.07888887360132912,0.08946901559829712,-0.13737444579601288,-0.11566799416578988,0.08477175235748291,-0.10496354103088379,-0.1225731401089547,0.0588688850402832,-0.14743350446224213,0.0058219283502580765,0.03015315532684326,-0.17880257964134216,-0.08144376709498147,0.027974188327789307,-0.11842066049575806,-0.11689321979321221,0.036285400390625,-0.08361098170280457,-0.1186729623321412,-0.02733147144317627,-0.1450440138578415,0.008078121548521722,-0.05886545777320862,-0.17737144231796265,-0.07199082061089257,-0.035044968128204346,-0.12693670392036438,-0.09271392508782128,-0.011240005493164062,-0.09254676103591919,-0.08199484928883294,-0.10386776924133301,-0.13824722170829773,0.005626508934426511,-0.13094544410705566,-0.19558821618556976,-0.028561144167554176,-0.14870822429656982,-0.2287658154964447,-0.04255617319978455,-0.1605004072189331,-0.2633635774254799,-0.04411190285719613,Y
0.0,0.0,0.0,0.14355802536010742,-0.037213414907455444,-0.06769852205502502,0.2435961365699768,-0.10425972938537598,-0.08487870409476272,0.3332051634788513,-0.1634971648454666,-0.09573320164668075,0.4004431366920471,-0.20035484433174133,-0.09264400466668121,0.15209561586380005,-0.1462559998035431,-0.016807355502123755,0.11443847417831421,-0.18117955327033997,-0.08217783882605545,0.0927843451499939,-0.13610219955444336,-0.11602856829154007,0.08747708797454834,-0.10361406207084656,-0.12162218853222839,0.05716204643249512,-0.14795978367328644,-0.0003863494700908632,0.03078976273536682,-0.17769862711429596,-0.08835270866143219,0.03126588463783264,-0.11737769842147827,-0.12463844432818405,0.03946077823638916,-0.08261865377426147,-0.12871084227549545,-0.026993632316589355,-0.14581356942653656,0.0013203125647578418,-0.056220948696136475,-0.1792508214712143,-0.07829658552395813,-0.02997678518295288,-0.12797445058822632,-0.09886482223259918,-0.007703870534896851,-0.09273165464401245,-0.08997517689454071,-0.10441812872886658,-0.13911621272563934,-0.0013822463140513719,-0.12741336226463318,-0.19585546851158142,-0.0365529754697036,-0.1459205448627472,-0.22970262169837952,-0.05223023011672012,-0.15823906660079956,-0.2657623589038849,-0.05637009307133667,Y
0.0,0.0,0.0,0.13511008024215698,-0.030034184455871582,-0.08529901075331736,0.2427791953086853,-0.09964427351951599,-0.10686347949473429,0.33532506227493286,-0.15900462865829468,-0.11780517119137812,0.4004625082015991,-0.19755975902080536,-0.11271952408520747,0.16160762310028076,-0.14462342858314514,-0.030623243555112367,0.1209976077079773,-0.18443414568901062,-0.098562444924994,0.09407246112823486,-0.13796469569206238,-0.13300147223441172,0.09271430969238281,-0.10634779930114746,-0.13846626448599864,0.06542086601257324,-0.1470591276884079,-0.0036840798721300416,0.03171122074127197,-0.17866294085979462,-0.09041575658289958,0.029152601957321167,-0.11781200766563416,-0.1215460332032876,0.04330092668533325,-0.08429548144340515,-0.12112053799597788,-0.02130410075187683,-0.14624524116516113,0.006360370301024432,-0.04972273111343384,-0.17872312664985657,-0.07431795763937998,-0.027353256940841675,-0.12708014249801636,-0.0929653601643281,-0.002743244171142578,-0.09071102738380432,-0.08101335483758021,-0.09634053707122803,-0.1413850486278534,0.010645292334572787,-0.11686074733734131,-0.19751469790935516,-0.025914504557533746,-0.13671746850013733,-0.23021984100341797,-0.04222452211348582,-0.14781776070594788,-0.26417601108551025,-0.04499951320855189,Y
0.0,0.0,0.0,0.1331978440284729,-0.027098774909973145,-0.07118648870039124,0.2452247142791748,-0.093873530626297,-0.08832663877058167,0.33079004287719727,-0.15205731987953186,-0.09984748644876618,0.39191699028015137,-0.193960040807724,-0.10218850357580322,0.1593623161315918,-0.1373937726020813,-0.028875090387941782,0.11193764209747314,-0.1696263551712036,-0.09490493519354004,0.08900785446166992,-0.12799948453903198,-0.1317632628803267,0.08978641033172607,-0.09498798847198486,-0.13992245329666275,0.06399363279342651,-0.13827288150787354,-0.01522039270150799,0.028609931468963623,-0.16288387775421143,-0.1007951853995337,0.02642756700515747,-0.1108267605304718,-0.13984975053119797,0.033437490463256836,-0.07585334777832031,-0.1472884251003279,-0.019762873649597168,-0.13791868090629578,-0.015979828519107286,-0.06020590662956238,-0.16390201449394226,-0.10313398225355286,-0.03694707155227661,-0.11814472079277039,-0.1346514953498854,-0.012908518314361572,-0.0833350419998169,-0.13160030378151077,-0.0914776623249054,-0.1345028579235077,-0.0200970007305159,-0.12286302447319031,-0.19164443016052246,-0.06437023563432831,-0.1394505798816681,-0.22532278299331665,-0.0844961239223494,-0.14943721890449524,-0.25793811678886414,-0.0902680440073027,Y
0.0,0.0,0.0,0.1272006630897522,-0.025720417499542236,-0.07081902160314257,0.22340136766433716,-0.09562045335769653,-0.09142790867952044,0.2889173626899719,-0.1553007960319519,-0.10690877719787295,0.35561323165893555,-0.19164437055587769,-0.10981986059812243,0.13794541358947754,-0.13869011402130127,-0.046227829000031306,0.08921414613723755,-0.16667327284812927,-0.11948347224858935,0.0620424747467041,-0.11643677949905396,-0.14699173851875003,0.0682843029499054,-0.08294016122817993,-0.1468864469137543,0.037664324045181274,-0.13953474164009094,-0.03619575261143382,0.0007490813732147217,-0.1566142439842224,-0.1297627030220383,0.004347562789916992,-0.09802928566932678,-0.1557307331171387,0.022272765636444092,-0.06643164157867432,-0.15288149698642428,-0.04702591896057129,-0.13776236772537231,-0.04082276805308993,-0.08772051334381104,-0.15910407900810242,-0.14184606953529055,-0.055413901805877686,-0.10673406720161438,-0.1610678820219391,-0.02341979742050171,-0.07424616813659668,-0.14662594481376345,-0.11994758248329163,-0.1334753930568695,-0.04812822251585658,-0.15593141317367554,-0.19046616554260254,-0.1015739007201546,-0.1780177354812622,-0.22047528624534607,-0.11604562534955676,-0.19557327032089233,-0.25589996576309204,-0.11552894248632128,Y
0.0,0.0,0.0,0.12075448036193848,-0.026649951934814453,-0.08649463319119377,0.21708464622497559,-0.09912830591201782,-0.11080186926659508,0.2810513377189636,-0.15961158275604248,-0.1250791858964817,0.3377108573913574,-0.20096826553344727,-0.12601325028475685,0.11333322525024414,-0.14249083399772644,-0.05576187857326431,0.07134097814559937,-0.16375893354415894,-0.12824037783678932,0.06109994649887085,-0.11585241556167603,-0.15986846499976082,0.0669020414352417,-0.08551883697509766,-0.1615312408738987,0.01660028100013733,-0.14329096674919128,-0.034592651956643294,-0.012889504432678223,-0.1530395746231079,-0.12362832688626213,0.0031633973121643066,-0.0957220196723938,-0.15218012147482796,0.017580896615982056,-0.0664442777633667,-0.14971350246008797,-0.06705349683761597,-0.14042356610298157,-0.02900711932119293,-0.09873324632644653,-0.1578318476676941,-0.12174257748660011,-0.06045368313789368,-0.10672131180763245,-0.14410366230544014,-0.032696545124053955,-0.07427972555160522,-0.13119445853766365,-0.13391059637069702,-0.13356328010559082,-0.027941339843835067,-0.17159074544906616,-0.19152012467384338,-0.07647579275902672,-0.1940091848373413,-0.2221050262451172,-0.09424885474976463,-0.21443718671798706,-0.2557947635650635,-0.09535820149716301,Y
0.0,0.0,0.0,0.11111712455749512,-0.02344125509262085,-0.08936291479597003,0.19680273532867432,-0.0907818078994751,-0.11912448250780017,0.25400835275650024,-0.15009263157844543,-0.1411932139945975,0.30526185035705566,-0.19614055752754211,-0.15511954122314364,0.11986410617828369,-0.13898015022277832,-0.04905284115204722,0.07653075456619263,-0.1633361577987671,-0.13325415843257815,0.05748635530471802,-0.12791836261749268,-0.17879973643550784,0.06446689367294312,-0.10453993082046509,-0.19279903465042025,0.02566772699356079,-0.14072415232658386,-0.03376094170937449,-0.012579023838043213,-0.15227442979812622,-0.13928816014060885,-0.0028679370880126953,-0.09809768199920654,-0.17846891575584323,0.015281230211257935,-0.06504243612289429,-0.17962974601516635,-0.05932259559631348,-0.13562533259391785,-0.03514852666387469,-0.10240739583969116,-0.15018656849861145,-0.14318007522354037,-0.07304009795188904,-0.09772658348083496,-0.1585586845232001,-0.04081839323043823,-0.06165575981140137,-0.13763828867206485,-0.12944918870925903,-0.12479406595230103,-0.042365654493664806,-0.16832879185676575,-0.16509056091308594,-0.11005661928186328,-0.17572450637817383,-0.16160976886749268,-0.1208447843147269,-0.17113906145095825,-0.16060709953308105,-0.11072390073070437,Y
0.0,0.0,0.0,0.1002143919467926,-0.03325498104095459,-0.030883088331307817,0.1459122598171234,-0.07386389374732971,-0.05348945930191462,0.09493610262870789,-0.08392125368118286,-0.08141130357572024,0.012795180082321167,-0.07257544994354248,-0.11356424688884204,0.09077957272529602,-0.13762497901916504,-0.023888175930466105,0.10451284050941467,-0.17904233932495117,-0.0675307527143616,0.10238686203956604,-0.20484012365341187,-0.09941456615516131,0.09857204556465149,-0.2255275845527649,-0.1234043031890053,-0.0023441314697265625,-0.1369771659374237,-0.044295010711635996,-0.020464330911636353,-0.1723010241985321,-0.11402578800507968,-0.028014034032821655,-0.13480812311172485,-0.14354293942042773,-0.02778869867324829,-0.10173901915550232,-0.14721732735225146,-0.08347687125205994,-0.1212020218372345,-0.06933724283763354,-0.11025270819664001,-0.13604161143302917,-0.14428179859706347,-0.08959570527076721,-0.09377628564834595,-0.15275026261397784,-0.06908324360847473,-0.06447377800941467,-0.13795978724547808,-0.1525290310382843,-0.09491845965385437,-0.09624235480615084,-0.17992016673088074,-0.09725940227508545,-0.14914366006442492,-0.14917051792144775,-0.06627476215362549,-0.14728393554278796,-0.11495581269264221,-0.04396966099739075,-0.1333191633183617,Z
0.0,0.0,0.0,0.07604822516441345,-0.033398449420928955,-0.06780678841377608,0.10926976799964905,-0.06651213765144348,-0.10895691129471174,0.048153817653656006,-0.07418715953826904,-0.14571581843401304,-0.03353261947631836,-0.07202509045600891,-0.18247182729746214,0.05049988627433777,-0.14259740710258484,-0.05862670081759802,0.029810428619384766,-0.17117056250572205,-0.11365056845451704,0.000881582498550415,-0.19382905960083008,-0.1557257032683026,-0.02937224507331848,-0.21677982807159424,-0.18794074717069975,-0.04358696937561035,-0.13944008946418762,-0.06080863687301985,-0.07661572098731995,-0.15428271889686584,-0.13786643806005827,-0.07181882858276367,-0.11052927374839783,-0.16907648804689757,-0.05807405710220337,-0.08302557468414307,-0.1743815994551312,-0.12194055318832397,-0.12169221043586731,-0.0711709341695439,-0.1546119898557663,-0.11285412311553955,-0.14673160079027525,-0.13289815187454224,-0.07604452967643738,-0.15121713343168608,-0.1058041900396347,-0.05906233191490173,-0.13628700438047758,-0.18660178780555725,-0.09531959891319275,-0.08780693325306288,-0.2171567976474762,-0.07838928699493408,-0.14207193317915312,-0.18607433140277863,-0.053278326988220215,-0.142711640029205,-0.14831489324569702,-0.04378601908683777,-0.1311486369660031,Z
0.0,0.0,0.0,0.08723956346511841,-0.021179914474487305,-0.06456458221930461,0.1266418695449829,-0.04663681983947754,-0.10534521590727763,0.05385249853134155,-0.04961380362510681,-0.1391975323464294,-0.02922302484512329,-0.036519914865493774,-0.17375149231213527,0.08533012866973877,-0.12630146741867065,-0.07168771724957423,0.03331398963928223,-0.14990577101707458,-0.12768820326584773,-0.007628262042999268,-0.16984179615974426,-0.16978881161469417,-0.0457766056060791,-0.1885194182395935,-0.19980596404332118,-0.0068495869636535645,-0.12325221300125122,-0.07138913523215251,-0.06415736675262451,-0.11214816570281982,-0.1368445495869537,-0.05549496412277222,-0.0598541796207428,-0.15916608672398525,-0.029628515243530273,-0.032504111528396606,-0.1624519268776794,-0.09127692878246307,-0.10471847653388977,-0.07831029247302013,-0.14570042490959167,-0.09022989869117737,-0.1493489931132217,-0.11942997574806213,-0.043506115674972534,-0.14995533626336055,-0.08054202795028687,-0.023638099431991577,-0.13444661002415614,-0.1576726734638214,-0.0782163143157959,-0.09019036244410472,-0.19933739304542542,-0.06024336814880371,-0.14605513613480525,-0.17007765173912048,-0.026505082845687866,-0.14290213983315425,-0.1338212937116623,-0.012426644563674927,-0.1284873078371902,Z
0.0,0.0,0.0,0.09643566608428955,-0.023773670196533203,-0.09519755641707661,0.1429527997970581,-0.0475916862487793,-0.15575453440436604,0.06487834453582764,-0.043630510568618774,-0.20450061361083272,-0.03627470135688782,-0.022555828094482422,-0.25016714433917286,0.08067819476127625,-0.13166910409927368,-0.10417309949883702,0.02838274836540222,-0.1509375274181366,-0.17766278783568623,-0.0055397748947143555,-0.16670554876327515,-0.22543582121619465,-0.040665403008461,-0.18426373600959778,-0.257559789221375,-0.01965591311454773,-0.12422797083854675,-0.09751187811383488,-0.06592702865600586,-0.1148296594619751,-0.1775422523427892,-0.038958996534347534,-0.059001266956329346,-0.19725867907294514,-0.004258766770362854,-0.03757822513580322,-0.1969296465326238,-0.10615658760070801,-0.10274249315261841,-0.10279813210257771,-0.14668063819408417,-0.08801159262657166,-0.18699125746974232,-0.10655419528484344,-0.042105287313461304,-0.18291446367987874,-0.06622160971164703,-0.030505210161209106,-0.16300509671458485,-0.1699509620666504,-0.07489484548568726,-0.11650339315423253,-0.1975424885749817,-0.0559714138507843,-0.17730290989169362,-0.15727247297763824,-0.026000797748565674,-0.17327432135829213,-0.12166456878185272,-0.01894611120223999,-0.1589454392600942,Z
0.0,0.0,0.0,0.08965402841567993,-0.03248727321624756,-0.06276924018621344,0.1253354847431183,-0.06870657205581665,-0.10319556896448034,0.06884178519248962,-0.07809555530548096,-0.14166556154250998,-0.014339178800582886,-0.06606665253639221,-0.18319471035957235,0.08234959840774536,-0.14023840427398682,-0.04256494571328062,0.059521615505218506,-0.17029547691345215,-0.10487884883642096,0.025466173887252808,-0.188378244638443,-0.15617729578971762,-0.011896401643753052,-0.20189636945724487,-0.19133607898712057,-0.010832995176315308,-0.1378854513168335,-0.048555469558237974,-0.04831606149673462,-0.16856861114501953,-0.1306454822874059,-0.06329561769962311,-0.1214127242565155,-0.16931401048660177,-0.0626760721206665,-0.0857606828212738,-0.17735455785751242,-0.09431397914886475,-0.12100088596343994,-0.06328672771215338,-0.1396256536245346,-0.13825571537017822,-0.15132786189079184,-0.13141189515590668,-0.09119278192520142,-0.16300096963405508,-0.11335095763206482,-0.060538917779922485,-0.14738058899402517,-0.16486580669879913,-0.09367886185646057,-0.08230705414771933,-0.21037836372852325,-0.09655669331550598,-0.14794009779453177,-0.18427278101444244,-0.06272757053375244,-0.14928987477779287,-0.14905014634132385,-0.04025375843048096,-0.13500632201194662,Z
0.0,0.0,0.0,0.10219883918762207,-0.03346908092498779,-0.05586505620905613,0.14695405960083008,-0.06969857215881348,-0.09944913848468517,0.09946820139884949,-0.07908645272254944,-0.14374745204278683,0.030267149209976196,-0.07429629564285278,-0.18520020260640835,0.10528436303138733,-0.1539202332496643,-0.06136937751600002,0.08995488286018372,-0.17107835412025452,-0.13969023837873196,0.07343772053718567,-0.1484423577785492,-0.188908714197366,0.06470859050750732,-0.12806600332260132,-0.2177553357107327,0.004404008388519287,-0.14824873208999634,-0.07376088514157986,-0.026764333248138428,-0.1591140329837799,-0.16092750742265438,-0.023333251476287842,-0.11363983154296875,-0.189384851000993,-0.00274503231048584,-0.08825910091400146,-0.1940383048278973,-0.0840333104133606,-0.13026103377342224,-0.09648102088996624,-0.121315598487854,-0.11796602606773376,-0.1794920892936871,-0.09115734696388245,-0.07487556338310242,-0.18166594519445156,-0.045301616191864014,-0.05977323651313782,-0.1667180837614224,-0.15531888604164124,-0.10414904356002808,-0.12482618852683758,-0.1858174204826355,-0.0817723274230957,-0.17899427130052303,-0.14601005613803864,-0.048736006021499634,-0.17792056813070034,-0.09225943684577942,-0.038624346256256104,-0.16684654667207455,Z
0.0,0.0,0.0,0.10543578863143921,-0.019551753997802734,-0.06831603555196608,0.17659646272659302,-0.04573547840118408,-0.1209752937983879,0.16322636604309082,-0.06291866302490234,-0.16782830713504637,0.11272478103637695,-0.07931303977966309,-0.20854924677127684,0.1053001880645752,-0.15364712476730347,-0.11222961602920378,0.1170760989189148,-0.14384159445762634,-0.18907710967773284,0.13569629192352295,-0.1370391845703125,-0.24057470319980467,0.1531326174736023,-0.13729456067085266,-0.2757985150646576,-0.005876302719116211,-0.1580967903137207,-0.1173398276996025,0.017331361770629883,-0.08228799700737,-0.19210782705062712,0.043123602867126465,-0.05200064182281494,-0.21759821532481993,0.05708158016204834,-0.05413520336151123,-0.23256433068031157,-0.09818017482757568,-0.13489693403244019,-0.1293288922142395,-0.05872607231140137,-0.04618126153945923,-0.19467978237384642,-0.015221983194351196,-0.028320014476776123,-0.18938680051082457,0.017281055450439453,-0.04402363300323486,-0.18184419034236754,-0.16976991295814514,-0.10130685567855835,-0.15020035265201415,-0.12648028135299683,-0.02997809648513794,-0.19945602176898802,-0.07765001058578491,-0.010413110256195068,-0.1993817245792755,-0.03946620225906372,-0.017802715301513672,-0.19247910438293303,Z
0.0,0.0,0.0,0.1212230920791626,-0.01316070556640625,-0.1297616029761457,0.19313722848892212,-0.03405410051345825,-0.2308738047860288,0.19019174575805664,-0.05400043725967407,-0.3150077129386091,0.12500041723251343,-0.07052958011627197,-0.3894175256274366,0.10763531923294067,-0.14905032515525818,-0.2163085008643293,0.12471777200698853,-0.13496264815330505,-0.34280657420379157,0.168312668800354,-0.11676779389381409,-0.41017803201896186,0.2092381715774536,-0.10660237073898315,-0.4481333161376142,-0.0011223554611206055,-0.1509512960910797,-0.20203756938201423,0.0477370023727417,-0.07572281360626221,-0.3228966558955335,0.0658380389213562,-0.03752046823501587,-0.3393393422148847,0.07877099514007568,-0.04145091772079468,-0.3410430515788221,-0.08697450160980225,-0.1288808286190033,-0.2010477448485517,-0.03222697973251343,-0.04689145088195801,-0.30348887691718573,0.0064195990562438965,-0.024215340614318848,-0.282124903299632,0.037542641162872314,-0.03774571418762207,-0.25835841546279426,-0.15300148725509644,-0.09863293170928955,-0.21416413436156745,-0.10788494348526001,-0.03147578239440918,-0.28644352803451056,-0.06359031796455383,-0.009944140911102295,-0.2864744330428266,-0.027752578258514404,-0.01656818389892578,-0.2773598695777082,Z
0.0,0.0,0.0,0.14112454652786255,-0.010394692420959473,-0.18706073685746105,0.1932695508003235,-0.021642625331878662,-0.34849967881302746,0.17958879470825195,-0.033234477043151855,-0.48142673894028576,0.1084359884262085,-0.043305933475494385,-0.6020223431215754,0.13594192266464233,-0.1363885998725891,-0.35085611864190014,0.14574289321899414,-0.12836936116218567,-0.5201890401468745,0.19894301891326904,-0.10676711797714233,-0.5901355676279536,0.2297893762588501,-0.09014022350311279,-0.6223896078691951,0.024029433727264404,-0.12937283515930176,-0.32707323952774914,0.09444165229797363,-0.07442641258239746,-0.4814229540453425,0.10756009817123413,-0.026181817054748535,-0.4663775794134608,0.11626780033111572,-0.028948307037353516,-0.43675195499520214,-0.061205923557281494,-0.10385990142822266,-0.3213936321363917,0.011235952377319336,-0.03539609909057617,-0.4386857978926173,0.04853487014770508,-0.008025407791137695,-0.36936985775093945,0.07981127500534058,-0.02970033884048462,-0.31081750317673595,-0.1207064688205719,-0.07495123147964478,-0.3366265229807368,-0.07771405577659607,-0.014782905578613281,-0.41350358053307446,-0.026219308376312256,0.006241917610168457,-0.3904084496126643,0.015453577041625977,-0.004984021186828613,-0.3643103472815028,Z
0.0,0.0,0.0,0.1074562668800354,-0.015068650245666504,-0.10288431408454812,0.1784018874168396,-0.03527426719665527,-0.1772411680464927,0.18439429998397827,-0.052132606506347656,-0.23885678412963784,0.12821441888809204,-0.0711355209350586,-0.2914977586512748,0.11518692970275879,-0.15640735626220703,-0.15205488266994394,0.12392586469650269,-0.12585267424583435,-0.2486961549763862,0.14279067516326904,-0.10465201735496521,-0.3055360532050315,0.1577463150024414,-0.10215923190116882,-0.340685269856948,0.007905006408691406,-0.1526305377483368,-0.1446120655780021,0.028709888458251953,-0.08841866254806519,-0.23596782150318063,0.05403262376785278,-0.05501300096511841,-0.2599089956526939,0.07194513082504272,-0.058526039123535156,-0.27226018073608316,-0.08021116256713867,-0.12824320793151855,-0.14777394297172464,-0.04994314908981323,-0.0559312105178833,-0.22990367474605478,-0.014298200607299805,-0.0330166220664978,-0.2229124224429313,0.013962984085083008,-0.04596465826034546,-0.21194078686286844,-0.14731600880622864,-0.09617951512336731,-0.16204044880916513,-0.11782926321029663,-0.03545248508453369,-0.2209910071139518,-0.07600247859954834,-0.01518559455871582,-0.22491039993812478,-0.039572179317474365,-0.021397054195404053,-0.2211131072287742,Z
0.0,0.0,0.0,0.11003309488296509,-0.02819877862930298,-0.06173345473665748,0.160994291305542,-0.0577777624130249,-0.10694081735868011,0.14252078533172607,-0.06702029705047607,-0.14985488009709869,0.08816474676132202,-0.06963664293289185,-0.18874761116761718,0.09965848922729492,-0.15342921018600464,-0.08244184059161697,0.09645551443099976,-0.14737409353256226,-0.15612420094270263,0.10039997100830078,-0.11915650963783264,-0.203479286554046,0.10625982284545898,-0.10189253091812134,-0.23199423802156005,0.0048642754554748535,-0.1445198953151703,-0.0894005040552095,-0.010106116533279419,-0.12857216596603394,-0.1620754267003015,0.0062677860260009766,-0.09033262729644775,-0.1852935369040445,0.028591275215148926,-0.07177382707595825,-0.19376997304219756,-0.07688283920288086,-0.12186941504478455,-0.10502643537778411,-0.08774220943450928,-0.08642578125,-0.17324162674207244,-0.05696946382522583,-0.05419445037841797,-0.1736510510470346,-0.021333009004592896,-0.045099854469299316,-0.16396361243981872,-0.1390397846698761,-0.09264671802520752,-0.12770621133107696,-0.14695003628730774,-0.05559647083282471,-0.17025187266130004,-0.10998398065567017,-0.03161191940307617,-0.1686798299576715,-0.0681198239326477,-0.02619636058807373,-0.16099322986859832,Z
0.0,0.0,0.0,0.09655648469924927,-0.036570191383361816,-0.066410454091411,0.13262724876403809,-0.07251983880996704,-0.11478021192250765,0.07401341199874878,-0.07963144779205322,-0.16085933345256365,-0.003504633903503418,-0.06866830587387085,-0.20420029955802477,0.08249083161354065,-0.14348864555358887,-0.06368221538959062,0.05221050977706909,-0.1626814603805542,-0.1421265025704912,0.04003557562828064,-0.13975447416305542,-0.1907252390950731,0.04359486699104309,-0.12007471919059753,-0.2177587469190172,-0.01341545581817627,-0.13273608684539795,-0.06956209438739336,-0.05576780438423157,-0.15496361255645752,-0.1626476069062761,-0.05389097332954407,-0.10708269476890564,-0.19391559260783708,-0.03420799970626831,-0.07404989004135132,-0.19549901979861772,-0.09178376197814941,-0.11316817998886108,-0.08617333519158876,-0.13350993394851685,-0.11805441975593567,-0.17880466776786363,-0.10877588391304016,-0.07084470987319946,-0.1811218877404741,-0.07492256164550781,-0.04538232088088989,-0.1589215566485933,-0.15236037969589233,-0.08702480792999268,-0.10785588073430574,-0.18579939007759094,-0.08329057693481445,-0.1669341643422655,-0.15722855925559998,-0.05018317699432373,-0.1621073057025484,-0.11960121989250183,-0.03461611270904541,-0.1441425849765352,Z
0.0,0.0,0.0,0.10436466336250305,-0.039696693420410156,-0.06688617371315786,0.1495538353919983,-0.07770740985870361,-0.11320890687699148,0.07863873243331909,-0.07990336418151855,-0.15863196753258535,-0.015953242778778076,-0.05594223737716675,-0.20010362766976186,0.07958534359931946,-0.14505302906036377,-0.04756881870622465,0.03506764769554138,-0.16906702518463135,-0.13018587433094808,0.011103898286819458,-0.14468660950660706,-0.18378518723244497,0.005653679370880127,-0.12007829546928406,-0.21230083905453512,-0.022875666618347168,-0.13315147161483765,-0.05230589039916822,-0.07630446553230286,-0.148605078458786,-0.15506355665917226,-0.05822385847568512,-0.0935206413269043,-0.1960028132080538,-0.028359323740005493,-0.056931912899017334,-0.20059196852440664,-0.10378976166248322,-0.11394447088241577,-0.06908047400708028,-0.15014004707336426,-0.12246754765510559,-0.16690804265732595,-0.11356775462627411,-0.07186466455459595,-0.17488481305832693,-0.07239854335784912,-0.043144047260284424,-0.15363191269631216,-0.16488587856292725,-0.08910626173019409,-0.09145475380415746,-0.19622758030891418,-0.0866660475730896,-0.15591135822529623,-0.1653997004032135,-0.051451027393341064,-0.15581387482876607,-0.12543517351150513,-0.0324590802192688,-0.13865488969082662,Z
0.0,0.0,0.0,0.07594096660614014,-0.032490074634552,-0.10858626156505125,0.10398402810096741,-0.060753583908081055,-0.18361050873454587,0.046756476163864136,-0.05752009153366089,-0.24677732079680936,-0.04049891233444214,-0.0346602201461792,-0.30665988712962644,0.03153511881828308,-0.15191510319709778,-0.12466923385318296,-0.02893543243408203,-0.13928693532943726,-0.2258547791784622,-0.03919973969459534,-0.11007943749427795,-0.28993336349185483,-0.0325813889503479,-0.09593871235847473,-0.32685423880275266,-0.06541034579277039,-0.13652700185775757,-0.1152132922356941,-0.11655293405056,-0.13758903741836548,-0.23413681476768033,-0.10192681849002838,-0.08805888891220093,-0.27961189537700193,-0.08247102797031403,-0.05903095006942749,-0.2887517908161499,-0.14471817016601562,-0.11306887865066528,-0.11756415903028028,-0.18221378326416016,-0.11137309670448303,-0.23382843523677366,-0.15666303038597107,-0.06131678819656372,-0.2439809688871719,-0.12929828464984894,-0.03447085618972778,-0.22310363739188688,-0.1993120014667511,-0.0848543643951416,-0.12743493407424467,-0.22818832099437714,-0.0727425217628479,-0.21139373868163602,-0.20458857715129852,-0.0381203293800354,-0.21912112324889677,-0.1740850806236267,-0.02230668067932129,-0.20586664467509763,Z
0.0,0.0,0.0,0.09963276982307434,-0.0345073938369751,-0.08377070952755616,0.14337435364723206,-0.07001733779907227,-0.14067855705124543,0.08143064379692078,-0.07190513610839844,-0.1912724100480716,-0.011870503425598145,-0.0484776496887207,-0.23907076050144838,0.06978359818458557,-0.14478406310081482,-0.08355388273102449,0.028308779001235962,-0.15172603726387024,-0.16875766445500062,0.010650992393493652,-0.12887686491012573,-0.22359772254330323,0.004502624273300171,-0.10974100232124329,-0.25403632451397584,-0.02817058563232422,-0.13349467515945435,-0.08272107173306154,-0.07392650842666626,-0.14492708444595337,-0.1825298987756412,-0.05540205538272858,-0.09968489408493042,-0.22255502868992494,-0.03116258978843689,-0.0693632960319519,-0.22931441892487214,-0.1086287796497345,-0.11275219917297363,-0.09263904620510743,-0.14556847512722015,-0.11363720893859863,-0.19206013013226197,-0.11140233278274536,-0.0654800534248352,-0.1997316204438846,-0.0774451494216919,-0.03879857063293457,-0.17954680551392244,-0.16693922877311707,-0.08493322134017944,-0.10875781108242677,-0.1933363974094391,-0.07746124267578125,-0.17783706117970155,-0.1648896187543869,-0.04345589876174927,-0.17803074647289918,-0.13137224316596985,-0.026360750198364258,-0.16136941541535066,Z
0.0,0.0,0.0,0.0935359001159668,-0.03142303228378296,-0.08396571707632461,0.13941314816474915,-0.0602421760559082,-0.14355514031555572,0.08896136283874512,-0.06141853332519531,-0.19610484522488036,0.003533661365509033,-0.04170924425125122,-0.2448681948771707,0.07263919711112976,-0.1464184820652008,-0.08105870169308105,0.032049715518951416,-0.14832225441932678,-0.15771103483345428,0.02727833390235901,-0.12128075957298279,-0.20712198895122924,0.03092867136001587,-0.1033366322517395,-0.23615170103218475,-0.02419888973236084,-0.13537195324897766,-0.0793209953298799,-0.06704923510551453,-0.14471077919006348,-0.17088713329937377,-0.04914373159408569,-0.09390270709991455,-0.2053992657056085,-0.030011102557182312,-0.06449449062347412,-0.21036269348766723,-0.10424531996250153,-0.11447346210479736,-0.08774952423479476,-0.13565732538700104,-0.11685717105865479,-0.181518798886799,-0.10643461346626282,-0.0670817494392395,-0.18525897544529357,-0.08117543160915375,-0.041676461696624756,-0.16445258837845245,-0.1620529294013977,-0.08612489700317383,-0.10219380837585845,-0.18620193004608154,-0.07640570402145386,-0.1691068468680612,-0.15460357069969177,-0.04174506664276123,-0.16804954987671294,-0.12155525386333466,-0.02688300609588623,-0.15113121849205413,Z
0.0,0.0,0.0,0.08135056495666504,-0.029180467128753662,-0.08477256567749691,0.11980152130126953,-0.0607374906539917,-0.13994262488159848,0.061674147844314575,-0.06450766324996948,-0.1874409851578207,-0.0278141051530838,-0.045889079570770264,-0.2322715756443472,0.054714709520339966,-0.14242962002754211,-0.0794714999345274,0.012797623872756958,-0.14895540475845337,-0.15453498931202603,-4.1961669921875e-05,-0.126042902469635,-0.20220384867462826,-0.000375598669052124,-0.10940298438072205,-0.2292752501514883,-0.03916996717453003,-0.13353776931762695,-0.07572090001377774,-0.0813494622707367,-0.1425456702709198,-0.16574861974987698,-0.06530365347862244,-0.09618014097213745,-0.20324529083046627,-0.045828938484191895,-0.06805950403213501,-0.2099430796650381,-0.12047223746776581,-0.11410945653915405,-0.0819991466549368,-0.15488781034946442,-0.11653435230255127,-0.17685396344933224,-0.12725387513637543,-0.06603264808654785,-0.1859233316925497,-0.10061123967170715,-0.04004794359207153,-0.16780186565193844,-0.18052619695663452,-0.08664119243621826,-0.09379106135639859,-0.2090349793434143,-0.07898247241973877,-0.16370564074787808,-0.18314217031002045,-0.043508827686309814,-0.16514713437828732,-0.15427348017692566,-0.026125073432922363,-0.149047204568717,Z
0.0,0.0,0.0,0.10420277714729309,-0.03217768669128418,-0.06366258116506174,0.1501382291316986,-0.06029832363128662,-0.10786233099244669,0.09111067652702332,-0.05911833047866821,-0.14965450765632227,0.0022842586040496826,-0.035147130489349365,-0.19058558346770837,0.08126169443130493,-0.1325625777244568,-0.051806386579499986,0.0447390079498291,-0.1457434892654419,-0.1209671795561178,0.016813218593597412,-0.12919580936431885,-0.16649062933467462,0.007779285311698914,-0.1112610399723053,-0.19280348720096185,-0.014705121517181396,-0.12725183367729187,-0.056883446891532685,-0.07164208590984344,-0.13359186053276062,-0.14707309009574487,-0.07149060070514679,-0.07960301637649536,-0.18719272317432,-0.05509504675865173,-0.04117339849472046,-0.19349093737147882,-0.09356153011322021,-0.10927945375442505,-0.07065799834273889,-0.13837556540966034,-0.1099507212638855,-0.1681352108909948,-0.11815790832042694,-0.05781114101409912,-0.18223863842032983,-0.08989031612873077,-0.025266051292419434,-0.164469733853565,-0.15244069695472717,-0.08227282762527466,-0.0878682136728628,-0.1835954189300537,-0.07588011026382446,-0.16211637856505945,-0.16463221609592438,-0.03898876905441284,-0.16667553784392908,-0.1362767517566681,-0.016248703002929688,-0.1503521949245794,Z
0.0,0.0,0.0,0.09809350967407227,-0.031769514083862305,-0.07661275330539752,0.13813796639442444,-0.06268966197967529,-0.12744073334690142,0.07426995038986206,-0.06483703851699829,-0.17464500430580188,-0.007272988557815552,-0.045281827449798584,-0.22120953861232806,0.08170115947723389,-0.12538638710975647,-0.07058150086160708,0.05033236742019653,-0.14928558468818665,-0.15728585186954547,-0.008219271898269653,-0.13703221082687378,-0.21646260980125476,-0.04878537356853485,-0.11960434913635254,-0.24971101943012286,-0.017654597759246826,-0.12178695201873779,-0.0706630772685628,-0.06698253750801086,-0.14042508602142334,-0.17416365209575702,-0.0680181086063385,-0.09038418531417847,-0.21801297131534625,-0.04875341057777405,-0.050375938415527344,-0.22538421813007403,-0.09990113973617554,-0.10689270496368408,-0.08191569659467746,-0.1423531472682953,-0.11671561002731323,-0.18559501830097247,-0.12298889458179474,-0.06522500514984131,-0.19803392652030993,-0.09111246466636658,-0.030494630336761475,-0.17852025989051867,-0.1617484986782074,-0.0827379822731018,-0.09853397819753695,-0.19261033833026886,-0.08051759004592896,-0.17408023539539386,-0.17178748548030853,-0.04470759630203247,-0.17866198483463336,-0.13908609747886658,-0.02130138874053955,-0.1631151265239339,Z
